,track_id,lat,lon,speed,lon_acc,lat_acc,time,type,traveled_d,avg_speed
0,1,37.977391,23.737688,4.9178,0.0518,-0.0299,0.0, Car,48.85,9.770344
1,2,37.977642,23.7374,16.9759,-0.0361,-0.0228,0.0, Motorcycle,98.09,19.839417
2,3,37.977997,23.737264,20.1906,-0.0795,-0.3395,0.0, Motorcycle,63.8,18.228752
3,4,37.978135,23.737072,2.7555,-0.0302,0.0948,0.0, Motorcycle,145.72,26.229014
4,5,37.978134,23.737103,0.0,0.0,0.0,0.0, Motorcycle,138.01,24.841425
5,6,37.978152,23.73712,0.0,0.0,0.0,0.0, Medium Vehicle,159.97,17.451502
6,7,37.978145,23.737161,0.0,0.0,0.0,0.0, Motorcycle,153.91,22.895895
7,8,37.97823,23.737089,0.0,0.0,0.0,0.0, Car,158.21,21.739084
8,9,37.978185,23.737128,0.0,0.0,0.0,0.0, Car,161.01,21.154471
9,10,37.97819,23.73705,4.0538,0.1084,-0.0,0.0, Car,159.53,18.891989
10,11,37.978323,23.737009,16.7265,0.1511,-0.0366,0.0, Car,182.51,18.251311
11,12,37.978151,23.737094,0.0,0.0,0.0,0.0, Motorcycle,158.41,22.104237
12,13,37.97814,23.737088,0.0,0.0,0.0,0.0, Motorcycle,150.2,23.925733
13,14,37.97839,23.736929,20.9192,0.1948,0.0072,0.0, Car,189.93,22.056919
14,15,37.978621,23.736722,29.6883,0.3446,-0.0215,0.0, Car,214.13,22.672299
15,16,37.978729,23.736634,25.5247,-0.0275,0.0918,0.0, Motorcycle,238.04,24.624831
16,17,37.978713,23.736705,32.5218,0.6775,0.0502,0.0, Motorcycle,130.2,0.572429
17,18,37.977925,23.737205,0.0,0.0,0.0,0.0, Medium Vehicle,142.37,9.971513
18,19,37.978829,23.736359,0.0,0.0,0.0,0.0, Car,241.54,11.655932
19,20,37.97882,23.736572,29.6666,0.0448,-0.0101,0.0, Car,225.57,21.71253
20,21,37.978868,23.736575,26.33,-0.2064,0.0134,0.0, Car,179.72,19.96924
21,22,37.978922,23.736491,20.5704,0.0066,-0.0176,0.0, Bus,256.15,22.166647
22,23,37.978998,23.736384,25.6994,-0.0273,0.0882,0.0, Bus,267.26,28.465902
23,24,37.979188,23.736275,18.7586,-0.1547,-0.0069,0.0, Car,268.07,22.548021
24,25,37.979514,23.73604,36.5054,-0.0475,0.0119,0.0, Car,333.54,23.180557
25,26,37.979541,23.735943,33.593,-0.2102,-0.021,0.0, Car,313.23,33.165511
26,27,37.979592,23.735941,30.9864,-0.022,0.0048,0.0, Car,318.05,31.982182
27,28,37.979758,23.735767,36.7325,0.2051,-0.0693,0.0, Car,339.2,31.800391
28,29,37.979771,23.735778,42.3985,-0.0494,0.003,0.0, Motorcycle,367.19,38.878858
29,30,37.979791,23.735775,57.1184,0.2647,0.1003,0.0, Motorcycle,349.3,50.704412
30,31,37.979878,23.735707,35.892,-0.0474,-0.0038,0.0, Car,381.07,28.820679
31,32,37.979949,23.735613,29.3152,-0.179,-0.0253,0.0, Car,391.3,32.015804
32,33,37.980003,23.735585,38.69,-0.1719,0.0525,0.0, Motorcycle,375.58,33.972209
33,34,37.980049,23.735569,27.8645,-0.1613,-0.0157,0.0, Car,419.85,21.592529
34,35,37.980128,23.735504,27.7363,-0.0973,0.0208,0.0, Car,416.76,20.274803
35,36,37.980108,23.735478,30.34,-0.1984,0.0549,0.0, Motorcycle,392.76,34.825792
36,37,37.980011,23.735534,31.759,-0.1613,-0.1155,0.0, Bus,158.46,17.079537
37,38,37.979679,23.735907,40.2222,-0.4382,-0.0977,0.0, Car,358.27,17.476598
38,39,37.979792,23.73581,31.3208,-0.0871,0.0038,0.0, Car,372.52,16.354501
39,40,37.979884,23.735748,30.5834,-0.1087,0.0245,0.0, Car,383.98,16.614463
40,41,37.979132,23.73636,19.2908,-0.1347,-0.0003,0.0, Motorcycle,282.72,22.418229
41,42,37.979702,23.73577,41.0043,0.0288,0.0025,0.0, Motorcycle,361.74,37.637358
42,43,37.980172,23.735404,40.1999,0.0442,-0.0001,0.0, Motorcycle,423.13,41.848151
43,44,37.980216,23.735386,24.8896,-0.22,-0.0484,0.0, Car,402.49,21.756245
44,45,37.980189,23.73549,28.8933,-0.0355,-0.0998,0.0, Car,354.28,18.116729
45,46,37.980297,23.735322,22.6015,-0.187,0.0228,0.0, Car,411.41,21.909637
46,47,37.980335,23.735333,23.712,-0.1515,-0.0025,0.0, Car,447.53,20.03872
47,48,37.980325,23.735265,31.1917,0.1323,-0.0184,0.0, Motorcycle,196.29,14.660605
48,49,37.980247,23.73528,20.2118,0.0558,1.7438,0.0, Motorcycle,60.09,31.813922
49,50,37.980385,23.735246,24.358,-0.1218,0.0216,0.0, Car,425.2,19.278561
50,51,37.980437,23.735284,31.3475,0.1837,0.0232,0.0, Motorcycle,259.92,16.358897
51,52,37.980004,23.735639,32.4842,0.0182,0.0359,0.0, Car,254.5,22.023772
52,53,37.978479,23.735636,15.6328,0.0655,-0.0042,0.0, Car,199.92,13.377304
53,54,37.979673,23.736253,16.5116,0.2808,-0.0391,0.0, Car,127.54,9.686211
54,55,37.979849,23.736569,21.7149,0.1295,0.0273,0.0, Car,160.92,11.679452
55,56,37.97853,23.735739,16.0937,0.0,-0.0001,0.0, Car,242.95,15.079722
56,57,37.978688,23.736094,13.0599,0.494,0.0002,0.0, Car,302.89,8.42656
57,58,37.978312,23.737709,26.7203,-0.1584,0.0578,0.0, Car,123.27,9.522898
58,59,37.977357,23.737778,0.0,0.0,0.0,0.0, Motorcycle,48.32,8.966502
59,60,37.97739,23.737762,0.0,0.0,0.0,0.0, Car,47.42,7.977767
60,61,37.978771,23.736211,17.6536,0.1648,0.013,0.0, Motorcycle,194.91,14.204055
61,62,37.979439,23.735814,14.9654,-0.3793,-0.0873,0.0, Taxi,79.97,22.847876
62,63,37.97857,23.735838,15.8833,0.0428,0.0266,0.0, Taxi,289.89,1.867591
63,64,37.980357,23.735184,0.0,0.0,0.0,0.0, Bus,456.09,7.993864
64,65,37.978628,23.735957,14.0584,-0.0405,0.118,0.0, Taxi,280.45,16.025744
65,66,37.978746,23.736204,9.5973,0.0593,-0.0786,0.0, Taxi,258.97,11.86113
66,67,37.978802,23.736305,0.0,0.0,0.0,0.0, Taxi,185.56,12.058342
67,68,37.978819,23.736282,0.0,0.0,0.0,0.0, Taxi,185.13,12.915959
68,69,37.978851,23.736338,0.0,0.0,0.0,0.0, Taxi,127.12,10.495797
69,70,37.980327,23.735372,24.0816,-0.106,0.0114,0.0, Taxi,442.64,19.918851
70,71,37.979046,23.736301,0.0,0.0,0.0,0.0, Heavy Vehicle,151.24,1.495741
71,72,37.978368,23.736891,14.3176,0.0704,-0.0229,0.0, Taxi,183.52,20.907353
72,73,37.979457,23.737486,14.5171,0.0572,-0.0093,0.0, Taxi,15.99,13.709574
73,74,37.980256,23.735402,25.1746,-0.2332,0.041,0.0, Taxi,434.68,21.26156
74,75,37.97982,23.735675,37.4063,0.2637,-0.0135,0.0, Taxi,133.2,23.278397
75,76,37.979653,23.735838,32.4755,0.1855,-0.0047,0.0, Taxi,353.88,31.072162
76,77,37.979235,23.736274,23.7314,0.0299,0.0462,0.0, Taxi,295.46,21.796327
77,78,37.979077,23.736406,21.0154,0.0823,-0.0503,0.0, Taxi,206.77,19.692781
78,79,37.978811,23.736525,32.0709,-0.0092,-0.0033,0.0, Taxi,215.55,26.574647
79,80,37.978682,23.736691,21.9932,0.0208,0.0004,0.0, Taxi,222.0,22.323695
80,81,37.978471,23.736857,21.3077,0.2533,-0.0319,0.0, Taxi,194.4,21.600212
81,82,37.978248,23.736975,12.3795,0.013,-0.031,0.0, Taxi,150.55,22.39556
82,83,37.977569,23.737534,24.0776,0.0404,0.1182,0.0, Taxi,74.22,12.145817
83,84,37.977373,23.737736,0.0,0.0,0.0,0.0, Taxi,47.42,8.368982
84,85,37.979855,23.73653,0.0,0.0,0.0,0.0, Heavy Vehicle,162.57,0.821502
85,86,37.979356,23.736567,0.0,0.0,0.0,0.0, Car,124.14,0.894165
86,87,37.978994,23.736336,0.0,0.0,0.0,0.0, Car,267.76,3.733237
87,88,37.978558,23.736821,23.6539,0.6289,-0.0623,0.2, Car,129.13,12.701076
88,89,37.978683,23.7374,11.4973,-0.7316,0.0497,0.2, Motorcycle,64.32,14.118982
89,90,37.980478,23.73521,22.3603,-0.0426,-0.0251,0.2, Taxi,465.45,20.285877
90,91,37.978455,23.735634,25.6692,0.2382,0.0114,0.4, Motorcycle,200.41,14.091146
91,92,37.980442,23.735158,32.5542,0.0424,-0.1623,0.4, Taxi,214.67,14.97669
92,93,37.978658,23.736648,32.4672,-0.0752,-0.0224,0.8, Motorcycle,193.61,28.800755
93,94,37.97959,23.736095,2.3425,-1.6275,0.0005,1.8, Car,110.34,9.237562
94,95,37.98048,23.735205,17.2334,0.0471,0.0213,3.6, Taxi,463.5,20.600212
95,96,37.978449,23.735599,22.3918,0.0447,0.0356,6.6, Car,204.85,14.749486
96,97,37.980506,23.735184,13.4333,0.0444,0.0462,7.2, Heavy Vehicle,467.87,16.102669
97,98,37.978788,23.737322,12.0259,-0.0839,-0.334,14.4, Motorcycle,9.37,8.433102
98,99,37.979417,23.73577,25.251,-0.027,-1.6248,15.6, Motorcycle,19.93,22.420906
99,100,37.978412,23.735535,26.3725,0.009,-0.0397,19.2, Car,212.97,10.618917
100,101,37.978403,23.735522,33.4183,0.0539,-0.0514,22.8, Car,169.41,9.932919
101,102,37.980597,23.735029,44.6811,0.131,-0.0767,24.6, Motorcycle,463.17,31.942672
102,103,37.980653,23.735109,36.0322,0.0427,-0.0439,25.0, Motorcycle,57.62,23.048464
103,104,37.980044,23.736905,21.1863,-0.0347,-0.3453,25.2, Car,196.09,14.118836
104,105,37.980589,23.735027,38.6051,0.1324,0.0346,27.4, Taxi,235.0,30.000579
105,106,37.980653,23.735106,21.8543,0.0343,-0.0212,27.6, Medium Vehicle,502.33,31.726205
106,107,37.980615,23.735047,25.036,0.069,-0.0736,27.8, Car,236.72,25.668102
107,108,37.978414,23.737914,15.1925,-0.0781,-0.0111,28.0, Motorcycle,79.34,13.472079
108,109,37.980042,23.736903,21.6697,-0.0127,0.1015,28.0, Car,196.8,14.169529
109,110,37.980606,23.735026,35.1799,0.027,-0.021,28.2, Motorcycle,489.1,35.215056
110,111,37.978408,23.735532,48.5979,0.0106,-0.0524,29.8, Motorcycle,346.02,15.570855
111,112,37.980611,23.735057,22.9195,0.0006,-0.0689,30.2, Car,485.57,29.527702
112,113,37.980644,23.735111,18.0177,-0.021,-0.0351,30.8, Taxi,498.93,32.073758
113,114,37.978406,23.73554,51.284,0.0766,-0.0187,31.2, Motorcycle,345.72,15.104365
114,115,37.980583,23.735032,36.1219,0.1194,0.0837,31.4, Taxi,486.39,30.189553
115,116,37.978414,23.735548,38.4547,0.0045,-0.0315,33.6, Car,264.09,14.948745
116,117,37.978397,23.735552,29.584,-0.0251,-0.2452,33.8, Motorcycle,261.73,16.472408
117,118,37.980607,23.735063,26.4858,0.0178,-0.0872,33.8, Car,483.02,30.506824
118,119,37.980627,23.735092,25.9723,0.0599,-0.1278,33.8, Car,347.36,1.593008
119,120,37.980648,23.735114,30.3703,0.05,0.0218,34.0, Car,332.18,22.56318
120,121,37.977625,23.737403,5.454,0.144,-0.0,34.2, Car,109.56,16.0333
121,122,37.980046,23.736915,23.093,0.1134,0.1107,35.0, Car,39.34,12.003092
122,123,37.980591,23.735035,39.0153,0.0621,0.2362,35.4, Car,236.57,8.399053
123,124,37.978388,23.737853,26.5918,-0.0185,0.2641,35.4, Car,206.17,32.553122
124,125,37.978403,23.735557,26.1983,0.0262,-0.0452,36.2, Car,212.07,4.013894
125,126,37.980608,23.735061,31.4813,0.0146,0.0613,37.2, Taxi,483.24,23.636685
126,127,37.980638,23.735114,34.6533,0.0181,-0.0066,37.2, Car,498.84,34.802491
127,128,37.98059,23.735031,33.5682,0.0182,-0.0399,37.4, Taxi,108.46,20.127502
128,129,37.980046,23.736907,18.3878,-0.0049,0.1321,38.2, Car,284.79,2.024552
129,130,37.980598,23.735072,31.625,0.0346,0.1132,38.6, Car,483.11,23.005001
130,131,37.980591,23.735039,32.6122,0.0422,-0.1354,39.2, Taxi,233.66,27.48905
131,132,37.980618,23.735096,36.1016,0.0513,-0.0437,39.8, Car,483.28,19.417664
132,133,37.977631,23.737403,5.2181,0.0503,-0.011,40.0, Car,36.86,8.191375
133,134,37.978408,23.73553,24.8128,0.0258,-0.1075,40.2, Heavy Vehicle,360.54,15.127475
134,135,37.980042,23.736899,16.0195,-0.0173,-0.1897,40.6, Car,37.69,15.07445
135,136,37.980621,23.735093,36.3107,0.0181,-0.0503,41.4, Car,482.51,38.94721
136,137,37.978402,23.735552,30.6322,0.0134,-0.184,41.8, Motorcycle,253.1,18.150943
137,138,37.978414,23.735531,21.0402,-0.0054,0.0614,41.8, Car,358.27,16.706995
138,139,37.980584,23.735045,31.4871,0.007,-0.0462,41.8, Taxi,233.46,16.479291
139,140,37.980632,23.735115,44.6568,0.0459,-0.0634,42.4, Motorcycle,494.53,25.432973
140,141,37.978404,23.735536,23.2352,0.0314,-0.1302,42.6, Motorcycle,315.2,15.848026
141,142,37.980595,23.735069,44.0086,0.0425,0.1701,43.2, Car,231.84,28.583531
142,143,37.978425,23.735534,21.5207,0.0446,-0.055,44.0, Taxi,322.91,16.145688
143,144,37.980617,23.735131,45.8316,0.025,0.0076,44.4, Taxi,479.97,22.85573
144,145,37.977629,23.737404,13.9871,0.0038,0.0698,45.4, Car,108.65,23.008078
145,146,37.980621,23.735093,32.0355,0.0149,0.0787,45.4, Bus,486.71,14.601304
146,147,37.978406,23.735551,18.93,-0.0097,-0.0852,45.4, Car,361.47,14.821003
147,148,37.978421,23.735542,21.3362,0.0405,-0.0773,47.0, Car,349.35,19.171578
148,149,37.977627,23.737405,7.4152,-0.0188,0.2656,49.0, Car,110.43,24.847595
149,150,37.97841,23.735536,21.6254,0.0311,0.0787,50.0, Medium Vehicle,347.51,11.498532
150,151,37.9784,23.735532,24.1311,0.1052,0.0317,51.0, Motorcycle,358.71,20.432846
151,152,37.980577,23.735024,20.6877,-0.0226,0.0095,52.4, Motorcycle,481.44,16.137728
152,153,37.977622,23.737397,7.7703,-0.1339,0.4284,52.4, Taxi,111.52,25.09105
153,154,37.978422,23.735533,20.0331,0.0806,0.001,53.2, Car,348.85,10.845187
154,155,37.97841,23.735528,14.0901,-0.0413,-0.2053,54.8, Car,357.73,17.886421
155,156,37.978406,23.73553,15.2511,0.0089,-0.0542,57.4, Taxi,349.17,11.084893
156,157,37.978405,23.735534,12.5946,-0.0205,0.0042,60.2, Car,354.48,11.926515
157,158,37.978542,23.738231,19.5601,-0.1351,-0.6413,61.4, Motorcycle,250.92,18.435099
158,159,37.978406,23.735522,14.1624,-0.0169,-0.0626,63.0, Car,351.26,11.310698
159,160,37.980575,23.735053,31.167,0.1114,0.0532,71.4, Car,234.85,14.330118
160,161,37.980607,23.7351,44.77,0.0808,0.1479,72.8, Motorcycle,478.14,40.59664
161,162,37.980594,23.735072,38.2782,0.0828,0.0117,73.2, Car,480.27,35.722495
162,163,37.980574,23.735055,35.3643,0.0268,0.0364,75.0, Taxi,235.03,13.220288
163,164,37.980609,23.7351,25.9281,0.042,0.0298,75.2, Taxi,480.79,19.062308
164,165,37.980609,23.735137,35.2885,-0.103,0.0188,76.2, Car,480.46,31.795231
165,166,37.980622,23.735136,39.2757,0.0954,0.0777,77.0, Car,54.43,23.898108
166,167,37.980591,23.735075,30.7035,-0.0237,0.2304,77.2, Car,480.26,34.033826
167,168,37.980577,23.735053,33.4089,-0.0237,0.1685,77.4, Car,480.54,29.929526
168,169,37.978446,23.737976,24.2035,0.1116,-0.0109,77.4, Car,227.73,22.277888
169,170,37.977606,23.737431,6.9323,0.0135,0.0233,78.4, Motorcycle,103.13,15.091528
170,171,37.980614,23.735117,41.7124,0.0772,-0.0227,78.8, Motorcycle,383.78,28.311304
171,172,37.980597,23.735091,30.4542,-0.022,-0.1098,78.8, Car,481.73,34.82386
172,173,37.980516,23.734938,26.1298,-0.0077,0.017,80.4, Taxi,72.2,3.777659
173,174,37.980579,23.735053,26.4122,0.021,-0.0901,81.6, Bus,480.2,14.334387
174,175,37.980586,23.735094,49.4153,0.0756,-0.1384,82.0, Motorcycle,478.49,40.436057
175,176,37.980607,23.735112,32.3777,-0.0193,-0.0177,82.4, Heavy Vehicle,479.19,18.430534
176,177,37.980025,23.736873,21.0699,-0.0739,-0.1017,82.8, Car,197.71,14.011236
177,178,37.980617,23.735126,56.7645,-0.0091,-0.0937,83.0, Motorcycle,394.05,40.300326
178,179,37.980596,23.73508,47.392,0.005,0.0895,83.0, Car,480.32,36.947951
179,180,37.980619,23.735138,38.8799,0.0412,-0.0293,83.8, Car,480.62,35.748661
180,181,37.980585,23.735082,49.7112,0.0218,0.0406,84.4, Motorcycle,480.71,44.601624
181,182,37.980604,23.735097,39.6197,0.0416,0.097,84.8, Motorcycle,486.16,23.028722
182,183,37.980034,23.736892,16.1534,-0.0105,-0.0488,85.4, Car,32.11,12.84541
183,184,37.980596,23.735076,40.92,0.0472,-0.1728,87.8, Car,478.66,22.975633
184,185,37.980622,23.735127,38.6427,0.0095,-0.0619,89.0, Motorcycle,487.23,20.684375
185,186,37.980605,23.735102,42.7622,0.0541,-0.0115,89.2, Car,477.7,25.744193
186,187,37.980034,23.736887,12.9157,-0.0471,0.3691,91.8, Car,34.3,12.346529
187,188,37.978412,23.73553,32.0618,0.0106,-0.078,93.0, Taxi,261.91,19.643018
188,189,37.977623,23.737411,11.4717,-0.0316,0.2769,97.2, Car,93.48,21.572758
189,190,37.977607,23.73742,11.4782,0.0217,0.0578,98.6, Motorcycle,56.88,15.05652
190,191,37.977626,23.73741,3.4537,0.3062,0.0,103.8, Car,105.45,11.716569
191,192,37.980035,23.73689,23.2713,0.0262,-0.037,105.8, Car,27.26,8.92056
192,193,37.980034,23.736895,17.3811,-0.2704,-0.0963,112.2, Car,199.45,13.807814
193,194,37.978449,23.737981,25.2097,0.0446,0.2158,116.4, Taxi,225.35,14.435345
194,195,37.978402,23.735524,25.1568,0.0089,-0.0902,116.8, Taxi,358.31,5.743177
195,196,37.980607,23.73506,28.548,0.0189,-0.187,116.8, Motorcycle,481.59,33.469879
196,197,37.98061,23.73506,30.2101,0.7501,0.6394,118.0, Car,235.61,31.648758
197,198,37.980594,23.735033,23.5893,0.0257,0.0778,118.6, Bus,140.38,15.502507
198,199,37.978409,23.735525,25.8547,0.0086,-0.0667,118.6, Car,211.82,13.37793
199,200,37.978409,23.735521,31.2397,0.0633,0.0805,119.4, Motorcycle,352.16,15.092596
200,201,37.980619,23.73509,23.9197,-0.0617,0.1143,120.0, Car,487.56,30.578418
201,202,37.980607,23.735063,26.7208,1.1274,-1.2093,120.0, Car,481.52,34.808553
202,203,37.978398,23.73553,28.8277,0.0597,-0.067,120.0, Motorcycle,175.75,10.406261
203,204,37.977627,23.737404,10.894,-0.0405,0.4346,120.4, Taxi,104.8,19.856184
204,205,37.978406,23.735526,32.755,0.0264,-0.2032,120.6, Motorcycle,349.92,14.996362
205,206,37.97735,23.737621,1.873,-0.0386,0.1536,121.8, Motorcycle,28.03,9.891223
206,207,37.978418,23.735528,32.314,0.0366,-0.0784,121.8, Motorcycle,214.0,14.05811
207,208,37.980614,23.735076,39.5286,0.051,-0.006,121.8, Motorcycle,480.74,48.07366
208,209,37.978404,23.735534,31.5165,-0.04,-0.196,122.0, Motorcycle,194.49,12.918358
209,210,37.978415,23.735527,30.4705,0.0073,-0.0774,122.8, Motorcycle,215.19,14.13631
210,211,37.980033,23.73689,15.4168,0.5282,-0.2473,123.0, Car,28.34,3.750962
211,212,37.978406,23.735539,32.4082,0.0049,-0.0521,123.2, Motorcycle,357.91,15.790244
212,213,37.978467,23.738003,7.169,-0.6715,0.0021,124.0, Car,227.98,24.572722
213,214,37.977625,23.737414,6.5531,-0.3257,0.2816,124.2, Taxi,92.83,22.279832
214,215,37.980627,23.73509,30.9676,-0.0166,-0.0003,124.2, Car,482.92,20.309717
215,216,37.978536,23.738163,19.8114,-0.1089,-0.0057,125.4, Medium Vehicle,236.59,11.090101
216,217,37.98061,23.735053,33.0975,-0.0678,-0.1225,125.6, Car,482.7,37.776566
217,218,37.980526,23.734919,18.6502,0.0795,0.0312,126.0, Car,18.62,0.09677
218,219,37.978408,23.735523,31.8063,-0.3845,1.4661,126.4, Taxi,222.67,14.627971
219,220,37.980601,23.73504,45.7955,0.0474,0.0551,126.6, Motorcycle,481.21,50.951537
220,221,37.980606,23.735072,44.7874,0.0072,0.1615,126.8, Motorcycle,480.96,40.079767
221,222,37.977636,23.737401,9.9408,-0.161,0.1639,127.2, Medium Vehicle,105.52,19.185478
222,223,37.980628,23.735088,32.1467,-0.0115,-0.143,127.2, Heavy Vehicle,481.74,2.507635
223,224,37.97842,23.735524,30.0644,0.0218,0.0529,127.8, Car,223.58,14.581484
224,225,37.980584,23.735029,28.4814,0.0159,0.0025,127.8, Taxi,480.33,24.083196
225,226,37.980631,23.735119,46.2764,0.0299,0.0329,128.2, Motorcycle,149.79,36.435828
226,227,37.980595,23.735066,40.1267,-0.0322,-0.008,128.2, Car,235.43,32.598103
227,228,37.980035,23.736891,14.5972,-0.011,-0.0561,128.2, Car,197.28,18.210205
228,229,37.977614,23.73741,11.939,-0.1575,0.3342,128.8, Motorcycle,55.36,19.162203
229,230,37.980032,23.736895,13.6242,0.0019,-0.0902,129.6, Motorcycle,433.83,20.282799
230,231,37.978405,23.735529,28.5514,0.0077,-0.0639,129.8, Car,347.72,14.937735
231,232,37.980613,23.735057,37.7531,0.0376,-0.0269,130.0, Car,481.27,21.284879
232,233,37.980628,23.735095,37.5486,0.0238,-0.0079,130.6, Car,480.66,20.214535
233,234,37.980604,23.735056,38.0375,0.0475,-0.0195,131.2, Car,461.87,3.843576
234,235,37.977634,23.737403,8.5244,-0.1987,0.0001,131.6, Car,102.44,20.043382
235,236,37.980626,23.735087,36.0566,0.0252,0.0434,131.8, Car,482.49,20.244247
236,237,37.97841,23.735525,29.4376,0.0862,-0.0068,132.2, Car,211.29,13.779575
237,238,37.980638,23.735119,39.3136,-0.0248,-0.0187,132.4, Motorcycle,343.75,13.749898
238,239,37.980599,23.735045,52.6179,0.2754,-0.0169,133.0, Motorcycle,488.19,42.657813
239,240,37.978415,23.735533,28.4925,0.0077,0.008,134.4, Car,360.16,15.435314
240,241,37.977632,23.737408,13.394,-0.0274,0.0513,134.8, Car,28.53,14.26636
241,242,37.980627,23.735082,42.1398,0.2619,0.0248,136.0, Taxi,480.45,19.654934
242,243,37.977624,23.737409,18.2058,0.0029,0.2272,136.8, Car,27.04,15.701965
243,244,37.978399,23.735543,18.6213,0.1907,-0.0394,142.6, Car,19.14,0.101884
244,245,37.978419,23.735545,23.8441,-0.0417,-0.0212,145.8, Medium Vehicle,256.94,11.171377
245,246,37.978541,23.738212,15.585,-0.0776,-0.1244,149.4, Car,172.4,19.155583
246,247,37.980605,23.735023,59.4986,0.7237,-0.0137,158.0, Motorcycle,51.08,28.732618
247,248,37.98059,23.735033,41.8241,0.2679,-0.1232,159.6, Motorcycle,481.24,40.860291
248,249,37.980634,23.735118,39.8245,0.2623,-0.1105,160.6, Car,53.34,21.820931
249,250,37.978453,23.737985,19.6091,0.4192,0.0096,161.6, Motorcycle,125.41,15.252951
250,251,37.980595,23.735024,36.1294,0.5362,0.0206,162.0, Taxi,458.55,37.517679
251,252,37.979419,23.737522,10.8153,-0.2793,-0.2804,162.4, Motorcycle,37.54,12.993423
252,253,37.980636,23.735102,46.7745,0.7808,-0.0339,162.8, Motorcycle,454.48,42.386647
253,254,37.980603,23.735032,45.9207,0.0685,-0.0698,164.4, Motorcycle,453.86,41.681178
254,255,37.980605,23.735059,27.8798,-0.0647,0.0102,164.6, Car,480.96,31.254021
255,256,37.980626,23.735092,24.5682,0.0409,0.0048,165.2, Heavy Vehicle,482.5,28.569004
256,257,37.980614,23.735054,35.6038,0.1425,0.0251,167.0, Car,454.28,38.93863
257,258,37.980592,23.735026,31.4537,0.0969,-0.0306,167.6, Taxi,454.22,33.101076
258,259,37.980613,23.735048,38.5675,0.2348,-0.0365,168.2, Motorcycle,489.69,36.57461
259,260,37.980651,23.73511,40.1903,0.1685,-0.0048,168.4, Car,52.24,28.496744
260,261,37.980543,23.734924,26.5009,0.1444,-0.0468,168.8, Heavy Vehicle,95.09,12.31368
261,262,37.980627,23.735086,32.0867,0.1549,0.0063,169.2, Car,483.21,28.331305
262,263,37.980586,23.735046,43.8897,0.4044,-0.0061,170.4, Taxi,457.62,33.214697
263,264,37.980611,23.735059,41.6588,0.2571,0.0111,170.6, Car,460.09,32.604466
264,265,37.98063,23.735121,42.871,0.3742,0.0714,170.8, Car,485.63,34.965644
265,266,37.980622,23.735083,35.2884,0.137,-0.0201,171.6, Car,463.06,31.813042
266,267,37.980038,23.736911,28.4494,0.0268,-0.1801,172.6, Motorcycle,199.78,22.061939
267,268,37.980591,23.735027,39.4306,0.4123,-0.0571,173.8, Taxi,102.89,26.458017
268,269,37.980631,23.735105,41.7589,0.0143,0.0483,174.2, Car,478.59,37.45476
269,270,37.980612,23.735062,55.0938,0.5842,-0.006,175.0, Car,481.36,23.544831
270,271,37.980582,23.735042,59.0616,0.4354,0.0501,176.4, Motorcycle,485.61,40.65554
271,272,37.980599,23.735061,47.3419,0.1966,-0.0009,176.8, Car,284.07,15.448051
272,273,37.978409,23.735524,35.6669,0.2494,-0.0163,177.6, Car,210.5,16.261862
273,274,37.977618,23.737428,11.6636,-0.187,0.0464,177.8, Motorcycle,100.78,14.511744
274,275,37.980594,23.735037,62.463,0.2784,-0.0248,179.4, Car,482.48,40.393771
275,276,37.98061,23.735057,43.8119,-0.0958,-0.0782,179.6, Motorcycle,452.49,26.021697
276,277,37.980035,23.73689,21.1737,-0.218,-0.0644,180.0, Car,198.64,23.997212
277,278,37.977613,23.737436,18.0297,-0.2542,0.2295,182.8, Motorcycle,87.37,18.287492
278,279,37.977187,23.737745,4.8675,-0.2851,0.0079,185.2, Motorcycle,55.07,13.216367
279,280,37.980037,23.736897,25.1774,-0.1238,-0.0108,185.2, Taxi,199.6,26.613805
280,281,37.977618,23.737407,7.8342,-0.0035,0.1706,194.4, Motorcycle,46.91,3.377796
281,282,37.978411,23.735517,25.798,-2.4037,0.2022,196.0, Car,401.47,21.766252
282,283,37.980061,23.73701,12.325,-0.4514,-0.3539,204.4, Car,216.92,14.78977
283,284,37.980625,23.735054,35.5155,0.5271,-0.0253,205.8, Motorcycle,120.73,18.574441
284,285,37.980639,23.735081,30.5454,-0.0084,-1.2314,206.2, Medium Vehicle,492.0,40.624114
285,286,37.980595,23.735034,41.8506,-0.7133,-0.4785,207.6, Motorcycle,458.01,40.812929
286,287,37.980651,23.735104,30.9267,0.2784,-2.2206,207.6, Car,55.18,23.098429
287,288,37.980611,23.735056,44.2712,-2.8132,-0.408,208.4, Motorcycle,463.81,47.98007
288,289,37.97841,23.735513,28.1841,-0.6653,0.2398,209.4, Car,442.47,16.320539
289,290,37.9806,23.735028,44.4407,-5.2064,-1.1906,209.8, Motorcycle,481.77,44.244042
290,291,37.978403,23.735525,39.0445,0.3495,-0.1518,210.2, Motorcycle,323.78,15.098643
291,292,37.98054,23.734914,19.7935,-2.9822,-1.1692,211.2, Medium Vehicle,204.48,1.547778
292,293,37.98007,23.73699,12.4374,-0.183,-0.0886,211.4, Car,211.4,14.305373
293,294,37.978411,23.735518,36.8683,-0.5484,-0.6459,211.4, Motorcycle,349.99,16.622103
294,295,37.980596,23.735037,42.4179,-1.128,-0.3726,212.8, Motorcycle,236.55,27.648121
295,296,37.980636,23.735083,41.7409,-1.9334,-1.0851,213.4, Car,483.77,44.886011
296,297,37.980622,23.735043,30.7588,2.8404,-3.1318,214.8, Bus,483.74,36.585703
297,298,37.980649,23.735081,31.9588,6.4409,-3.2853,214.8, Car,492.89,45.968721
298,299,37.980635,23.735073,40.2432,2.368,-0.9702,215.6, Motorcycle,489.51,38.477074
299,300,37.980589,23.735017,45.6797,0.7918,0.4919,217.4, Motorcycle,220.69,32.295659
300,301,37.980617,23.735057,39.1997,-6.6862,0.4817,217.8, Car,459.86,36.145951
301,302,37.978405,23.735518,30.124,5.3822,-1.0201,218.2, Taxi,265.83,15.485314
302,303,37.980628,23.73505,26.4427,7.6802,-2.3671,218.4, Car,458.12,21.700224
303,304,37.980652,23.735098,48.2772,0.1541,-0.8998,218.8, Car,483.4,47.808474
304,305,37.978367,23.737818,8.778,0.2349,-0.0041,219.2, Car,131.95,8.105998
305,306,37.980628,23.735064,37.8425,-1.3742,-0.3243,219.8, Car,384.61,25.174583
306,307,37.978404,23.735522,30.8804,2.0681,0.3693,220.6, Car,349.78,17.835916
307,308,37.980067,23.736983,14.075,-0.0408,-0.0282,220.8, Taxi,208.41,16.169694
308,309,37.980629,23.735039,52.9276,5.1737,-1.8193,223.0, Taxi,483.03,42.002383
309,310,37.980632,23.735087,53.1006,3.8229,-1.1057,223.6, Car,482.64,45.966073
310,311,37.977621,23.737409,13.4422,-1.2233,1.331,224.0, Taxi,100.27,24.390691
311,312,37.978405,23.735515,27.0803,-0.0993,-1.883,227.4, Heavy Vehicle,265.03,16.856961
312,313,37.978419,23.73554,28.0454,0.0037,-0.1675,230.2, Taxi,207.24,15.225623
313,314,37.978409,23.735533,24.3808,-0.0513,0.0189,231.8, Taxi,347.3,20.100852
314,315,37.97842,23.735519,25.2426,0.047,-0.0353,233.0, Car,215.01,10.131479
315,316,37.978416,23.735525,25.7842,0.0479,-0.0096,234.6, Car,217.01,10.015645
316,317,37.978419,23.73553,30.0962,0.1127,0.0066,237.0, Car,263.7,20.548116
317,318,37.978403,23.735528,20.6599,0.0038,-0.1038,237.8, Taxi,346.55,21.659506
318,319,37.978401,23.735535,21.7277,0.0353,0.0128,239.4, Car,356.96,22.310157
319,320,37.978416,23.735527,18.373,0.0938,0.0058,241.2, Car,363.46,11.916745
320,321,37.978427,23.737942,10.6831,-0.0117,0.0466,241.8, Car,193.89,4.096298
321,322,37.978404,23.735534,18.0718,0.0166,-0.0372,242.6, Car,326.69,23.242532
322,323,37.978407,23.735525,18.3451,0.0592,0.006,244.6, Car,349.45,13.763758
323,324,37.98061,23.735058,40.7512,0.1323,0.0667,249.0, Motorcycle,457.44,39.586283
324,325,37.977138,23.737771,10.2834,0.0132,-0.2398,249.4, Taxi,67.43,11.559601
325,326,37.978416,23.735517,19.6327,-0.136,-0.0045,250.2, Car,212.27,11.337956
326,327,37.98063,23.735092,42.1177,0.1012,-0.2059,250.4, Motorcycle,170.33,21.440484
327,328,37.980635,23.735108,33.5111,0.0572,0.0665,252.0, Car,51.28,20.980018
328,329,37.980607,23.73506,29.9251,0.0318,-0.0867,252.2, Car,479.19,35.939434
329,330,37.980621,23.735087,38.1615,0.1579,-0.0282,253.0, Car,478.83,37.968607
330,331,37.978418,23.735545,30.8961,0.0003,0.0022,253.0, Motorcycle,207.14,13.221623
331,332,37.977614,23.737386,7.4842,0.036,0.1609,253.2, Taxi,94.01,8.767701
332,333,37.980604,23.735058,33.6292,0.0048,0.2751,254.2, Car,479.9,40.365426
333,334,37.980643,23.735108,37.9558,0.1369,0.0147,254.2, Taxi,329.42,19.76544
334,335,37.98007,23.736994,7.384,-0.0179,-0.0508,254.8, Car,208.84,16.415616
335,336,37.980609,23.735054,32.9486,0.0014,0.0457,256.6, Taxi,492.08,14.059326
336,337,37.980575,23.735004,39.4989,0.0583,-0.1812,257.6, Motorcycle,120.68,20.493342
337,338,37.980642,23.735112,33.1414,0.0624,-0.0921,258.0, Car,53.81,18.627579
338,339,37.980622,23.735092,52.195,-0.0163,-0.1441,258.0, Motorcycle,188.12,38.479078
339,340,37.98064,23.735089,42.4052,0.0399,-0.2342,259.2, Car,488.55,43.969327
340,341,37.980609,23.735059,32.7018,-0.0286,-0.0322,259.4, Car,457.02,38.987601
341,342,37.977639,23.737411,17.338,0.0376,0.3356,259.4, Motorcycle,101.16,11.239993
342,343,37.980592,23.735025,21.8983,-0.0015,-0.0104,260.0, Heavy Vehicle,107.83,9.608311
343,344,37.980632,23.735083,33.2901,-0.0557,0.2406,261.0, Car,480.96,42.6468
344,345,37.98061,23.735056,33.0884,-0.0296,0.023,261.0, Taxi,461.31,18.051135
345,346,37.980601,23.735023,21.4819,0.026,-0.0507,263.0, Car,236.59,12.904835
346,347,37.980621,23.735053,41.5285,0.09,-0.0798,263.0, Motorcycle,481.93,41.30796
347,348,37.98006,23.736936,17.9071,0.0153,-0.0238,263.2, Car,206.16,17.755169
348,349,37.980657,23.735103,34.66,0.0351,0.1833,263.6, Medium Vehicle,492.71,21.8981
349,350,37.980617,23.73503,33.6403,0.0283,-0.0094,264.6, Motorcycle,484.74,38.951969
350,351,37.980627,23.735052,39.7579,-0.0336,-0.1578,264.6, Heavy Vehicle,482.14,41.326605
351,352,37.980645,23.735084,39.8638,0.0176,0.0297,265.2, Taxi,481.49,45.614878
352,353,37.980644,23.735083,40.1646,0.0478,-0.0106,266.6, Taxi,482.03,44.955871
353,354,37.977629,23.737402,7.4211,-0.3753,0.5547,267.2, Car,104.21,13.592362
354,355,37.980625,23.73505,36.8975,-0.004,-0.0749,267.8, Car,485.0,21.55559
355,356,37.980055,23.736936,14.2699,-0.0273,0.1456,268.0, Car,205.92,17.081275
356,357,37.980649,23.735063,41.5093,0.0462,-0.0684,268.8, Car,487.2,40.789075
357,358,37.980602,23.73501,40.1879,0.0437,-0.0592,269.6, Motorcycle,238.55,31.806234
358,359,37.980063,23.736945,18.3095,-0.1097,0.2297,273.2, Car,39.97,17.986944
359,360,37.978403,23.735522,20.0488,0.262,-0.388,285.8, Car,220.78,21.716209
360,361,37.977614,23.737384,9.2297,0.2447,0.0,286.2, Car,103.84,10.680992
361,362,37.978402,23.735522,21.1783,0.0353,0.1153,288.0, Car,218.51,21.611084
362,363,37.97841,23.735526,28.4788,0.0263,0.06,292.8, Motorcycle,52.29,16.513871
363,364,37.980653,23.735102,33.1787,0.0368,0.0188,296.2, Car,492.31,31.093496
364,365,37.980624,23.735054,39.4591,0.0555,0.0782,296.4, Motorcycle,484.62,42.552107
365,366,37.980639,23.735075,26.8637,0.0021,-0.0208,296.8, Car,485.66,38.852707
366,367,37.980614,23.73504,30.6263,0.0566,-0.0688,297.6, Taxi,484.2,33.781048
367,368,37.980657,23.735105,32.5142,0.0725,-0.1852,298.0, Car,484.27,33.526468
368,369,37.980062,23.736963,10.7088,-0.0194,-0.0536,298.2, Car,206.02,15.074479
369,370,37.980623,23.735057,34.1007,-0.0462,0.1087,298.4, Motorcycle,482.62,39.667194
370,371,37.980633,23.735076,27.9523,0.0533,-0.0795,299.4, Taxi,483.46,39.19928
371,372,37.980647,23.735108,33.5312,0.0337,-0.044,300.6, Car,466.35,3.239765
372,373,37.980615,23.735057,43.6215,0.0384,-0.0772,300.8, Motorcycle,482.39,47.709112
373,374,37.980603,23.735022,26.0619,0.0216,-0.1613,301.6, Bus,483.19,31.512699
374,375,37.980633,23.735083,27.5647,-0.0124,-0.0752,301.8, Car,483.91,36.293412
375,376,37.978407,23.735525,32.609,0.0843,-0.0646,302.6, Motorcycle,346.77,15.450356
376,377,37.98007,23.736987,14.9085,-0.7265,-0.3489,302.8, Motorcycle,260.28,1.81593
377,378,37.980621,23.735086,28.3627,0.0193,0.1388,303.6, Car,479.87,35.990351
378,379,37.980613,23.735054,33.2822,0.0697,-0.1448,303.8, Car,461.98,36.958234
379,380,37.977633,23.737392,7.4765,-0.5081,0.0473,304.6, Car,103.51,20.034155
380,381,37.978421,23.735549,37.0351,0.129,-0.0615,304.6, Motorcycle,345.31,15.656261
381,382,37.980645,23.735115,38.6511,0.0171,-0.0419,305.0, Car,494.17,32.944486
382,383,37.978405,23.735518,30.1604,-0.0706,-0.042,305.4, Taxi,348.26,15.910315
383,384,37.980638,23.735082,25.9967,-0.0469,0.0317,305.6, Car,490.56,30.982883
384,385,37.980613,23.735061,33.5981,-0.003,-0.0527,306.0, Car,482.03,8.239751
385,386,37.980643,23.735117,39.2567,-0.083,-0.1023,307.0, Car,489.76,33.141941
386,387,37.978406,23.735521,29.1679,-0.0733,-0.0256,307.6, Car,365.05,16.50966
387,388,37.980626,23.735088,32.9992,0.0784,0.0114,308.4, Car,481.88,36.90964
388,389,37.977629,23.737414,13.8371,-0.1359,0.1959,309.0, Car,30.65,15.763784
389,390,37.980611,23.735049,32.628,0.0993,-0.0728,310.0, Car,236.18,26.081439
390,391,37.978417,23.73552,24.7852,0.019,-0.0421,310.0, Taxi,214.77,14.533558
391,392,37.980597,23.73503,33.9236,-0.0062,-0.0017,311.2, Motorcycle,482.09,22.835654
392,393,37.97841,23.735522,24.3834,0.0638,0.0474,311.6, Car,358.48,16.760204
393,394,37.980639,23.735106,44.8581,0.0712,0.0394,311.6, Motorcycle,340.75,25.989722
394,395,37.980615,23.735049,30.1257,0.0874,-0.0509,311.8, Taxi,234.1,16.207206
395,396,37.980631,23.735069,42.4314,0.2082,-0.0121,312.8, Taxi,402.13,11.118758
396,397,37.98007,23.736973,14.2207,0.0878,-0.0558,313.0, Car,339.26,2.41463
397,398,37.978407,23.735524,21.1772,0.0585,-0.0181,313.4, Medium Vehicle,339.31,15.700556
398,399,37.977624,23.737424,9.5216,-0.4298,0.3071,313.6, Car,100.71,23.240992
399,400,37.980633,23.735087,42.5174,0.6236,0.0064,314.0, Medium Vehicle,482.63,22.44787
400,401,37.980612,23.735058,38.595,0.4052,0.0003,314.4, Taxi,480.35,24.017491
401,402,37.98062,23.735049,34.5035,0.6341,0.0187,315.2, Car,483.35,23.450928
402,403,37.977612,23.73741,10.0423,-0.302,0.4401,315.6, Car,37.69,18.335013
403,404,37.978407,23.735523,21.7573,0.0694,-0.0171,316.4, Taxi,362.1,15.781568
404,405,37.9784,23.735531,21.3709,0.0929,-0.0646,318.2, Car,219.77,16.620955
405,406,37.978406,23.735523,17.3874,0.1229,0.0116,320.2, Taxi,349.08,18.372385
406,407,37.97842,23.735516,28.9446,0.0707,0.0206,321.4, Motorcycle,349.75,21.34087
407,408,37.978411,23.73553,17.4018,0.1212,0.04,323.0, Car,348.78,18.796528
408,409,37.978408,23.735528,16.6469,0.1652,-0.0124,325.2, Taxi,217.08,17.444095
409,410,37.978427,23.735523,12.6856,-0.1682,0.0018,326.6, Car,281.85,21.138703
410,411,37.978411,23.735523,12.2455,0.1065,-0.0182,328.4, Car,347.29,12.731779
411,412,37.978421,23.735511,20.6542,0.2544,0.0133,329.2, Motorcycle,211.41,20.794684
412,413,37.978405,23.735521,9.1597,-0.0238,-0.0129,330.4, Car,349.29,12.752963
413,414,37.977621,23.737415,5.7335,0.5084,0.0,331.0, Car,73.0,0.538726
414,415,37.978403,23.735532,11.1172,0.0004,0.2159,336.6, Car,351.28,13.283761
415,416,37.98004,23.736898,20.937,-0.0969,-0.1997,337.2, Car,200.19,13.546905
416,417,37.978416,23.73552,30.8742,0.0599,-0.0674,338.4, Motorcycle,213.55,25.971998
417,418,37.980009,23.735037,6.1914,0.0007,0.0393,340.0, Motorcycle,27.54,6.196385
418,419,37.980035,23.736899,21.3987,-0.0166,-0.0502,340.0, Car,199.57,13.403654
419,420,37.978407,23.735529,16.7707,-0.0118,-0.0873,342.8, Taxi,212.24,12.567053
420,421,37.980645,23.735113,36.469,-0.0432,0.056,345.0, Car,450.31,15.831182
421,422,37.980621,23.735091,20.3685,0.023,-0.0616,345.0, Taxi,480.99,35.924575
422,423,37.978411,23.735516,18.9427,0.1353,-0.0744,345.2, Car,212.58,12.670279
423,424,37.978405,23.735525,22.317,0.0548,0.0916,347.0, Car,70.87,5.93347
424,425,37.980587,23.735039,26.6387,0.0136,-0.0076,347.4, Taxi,236.16,25.302344
425,426,37.980644,23.73512,30.9439,-0.0309,-0.0873,347.6, Car,51.6,26.535419
426,427,37.980628,23.735088,21.0473,-0.0208,-0.0005,348.0, Bus,480.81,34.618444
427,428,37.980612,23.735052,25.7222,0.0249,0.06,348.0, Taxi,481.99,37.557463
428,429,37.980037,23.736897,13.3433,-0.0725,-0.2846,349.4, Car,26.14,7.841723
429,430,37.980597,23.735033,26.2795,0.036,0.107,349.8, Car,236.83,25.374639
430,431,37.980604,23.735072,39.9149,-0.0349,-0.0416,350.4, Motorcycle,450.58,52.665779
431,432,37.980613,23.735058,44.2457,0.0497,-0.1182,351.2, Motorcycle,377.92,17.622992
432,433,37.980639,23.735116,23.2338,0.0486,-0.1686,351.2, Car,385.41,8.38862
433,434,37.978402,23.735528,18.9029,0.0506,0.0387,351.4, Taxi,349.18,16.198915
434,435,37.980626,23.735079,20.196,-0.0872,0.1447,352.0, Car,482.18,39.813426
435,436,37.980066,23.737013,15.2169,0.1423,-0.2,352.8, Car,38.07,5.27176
436,437,37.980639,23.735113,21.8697,-0.0114,0.046,352.8, Taxi,489.49,35.671449
437,438,37.980601,23.735038,27.345,0.027,0.062,353.4, Bus,483.42,20.619698
438,439,37.980613,23.735067,26.7913,-0.0061,0.1287,353.4, Car,457.22,41.565678
439,440,37.98004,23.736896,11.3578,0.0284,-0.1757,354.4, Car,26.55,5.139627
440,441,37.978423,23.735526,17.282,0.073,-0.0607,354.6, Car,211.74,14.115925
441,442,37.980525,23.734926,25.593,0.0345,0.0645,354.8, Motorcycle,239.79,3.676478
442,443,37.977621,23.737425,13.0786,0.0013,0.5466,355.8, Car,16.37,1.592943
443,444,37.98062,23.735098,37.3416,0.0169,-0.0153,356.6, Car,479.89,38.391411
444,445,37.980593,23.735032,25.2381,0.0398,0.0003,356.8, Taxi,236.28,13.853289
445,446,37.980622,23.735099,44.853,0.132,0.0371,359.4, Car,480.83,20.905849
446,447,37.9806,23.73507,28.4154,0.0385,0.066,359.4, Bus,485.39,13.93459
447,448,37.980643,23.735118,32.7509,0.0535,0.0143,359.6, Car,51.56,4.885052
448,449,37.980622,23.735112,47.2801,0.0904,-0.1577,359.8, Motorcycle,489.4,24.334987
449,450,37.980618,23.735071,36.4722,0.0855,0.1384,360.6, Motorcycle,480.4,22.815806
450,451,37.980629,23.735088,31.7822,0.0879,-0.1052,361.4, Car,480.73,24.103561
451,452,37.978414,23.735528,26.8459,0.0383,-0.0437,361.8, Car,216.67,16.115796
452,453,37.978409,23.735517,29.9849,0.0202,-0.3405,363.6, Car,215.12,15.677031
453,454,37.97762,23.737436,3.2725,0.2901,0.0,378.8, Motorcycle,98.53,12.48962
454,455,37.978356,23.737804,13.3978,-0.1637,-0.2382,380.2, Motorcycle,15.32,11.03085
455,456,37.980039,23.736898,14.7173,-0.12,-0.124,382.4, Car,198.39,13.128881
456,457,37.980637,23.735104,41.8899,0.4597,0.0207,386.4, Motorcycle,479.35,43.577235
457,458,37.980593,23.73505,44.7949,0.4817,0.1053,387.4, Motorcycle,451.36,46.425151
458,459,37.980607,23.735062,24.9828,0.0867,0.067,387.8, Taxi,479.83,32.71536
459,460,37.980582,23.735037,30.05,0.1043,0.0153,388.0, Car,231.36,20.615891
460,461,37.980632,23.735089,17.3864,0.0539,-0.019,390.2, Car,482.67,31.708074
461,462,37.978426,23.735538,36.4862,-2.1849,-0.0905,390.4, Car,214.14,13.965788
462,463,37.980589,23.735041,30.1136,0.1485,0.1977,390.8, Motorcycle,234.73,29.340905
463,464,37.978411,23.735542,71.4911,0.1561,0.0066,391.2, Motorcycle,356.46,37.303957
464,465,37.978415,23.735533,40.861,0.0862,0.0091,391.8, Motorcycle,345.88,15.963514
465,466,37.980636,23.735122,30.8004,0.2199,-0.0166,393.2, Car,480.05,38.065685
466,467,37.980602,23.735049,27.5153,0.0583,0.04,394.0, Motorcycle,451.27,34.712698
467,468,37.978429,23.735575,39.9096,0.2425,0.0439,394.0, Motorcycle,315.74,14.995755
468,469,37.980618,23.735099,18.2499,-0.2471,-0.0042,395.0, Car,454.29,38.939188
469,470,37.980593,23.735039,33.8075,0.2266,0.0009,395.0, Motorcycle,457.22,21.376444
470,471,37.980645,23.735113,36.0071,0.4457,0.0103,395.0, Car,455.45,41.196239
471,472,37.980606,23.735063,28.1682,0.063,-0.0683,395.4, Motorcycle,480.92,34.351639
472,473,37.978416,23.735535,31.8273,0.0377,-0.0457,395.4, Taxi,348.21,16.030211
473,474,37.978417,23.73552,30.6383,0.1162,-0.0383,397.0, Motorcycle,323.1,6.858319
474,475,37.980036,23.736887,24.3237,-0.1058,0.1084,397.4, Car,198.01,17.218624
475,476,37.978417,23.737922,34.9883,-0.0143,-0.0761,397.8, Car,187.05,32.066536
476,477,37.977623,23.737426,4.7062,0.1403,-0.0034,399.6, Car,26.02,8.362233
477,478,37.980593,23.735034,27.075,0.0151,-0.0485,399.6, Motorcycle,236.83,15.224633
478,479,37.980635,23.735117,34.0869,0.0203,0.1131,400.8, Car,50.04,26.489171
479,480,37.98059,23.735039,36.3992,-0.0149,-0.1392,401.2, Car,235.99,28.701592
480,481,37.980036,23.736886,22.1639,0.0484,0.01,401.4, Car,42.25,1.508858
481,482,37.980577,23.735086,31.4424,-0.033,0.42,402.6, Bus,472.05,20.928295
482,483,37.978414,23.73552,19.6613,-0.0891,0.0179,403.8, Car,217.45,14.826217
483,484,37.980616,23.735102,58.3308,0.0386,0.1138,403.8, Car,480.25,48.024793
484,485,37.980631,23.735119,39.8583,0.2805,0.0442,404.8, Car,50.66,30.395103
485,486,37.980604,23.735066,31.5275,0.0531,-0.0433,405.2, Car,477.39,15.181886
486,487,37.977624,23.737403,13.6835,-0.0217,0.2488,405.6, Car,102.42,23.337127
487,488,37.980036,23.736892,20.003,-0.0348,-0.2801,405.6, Car,29.18,2.626536
488,489,37.978414,23.735511,20.6995,-0.0193,0.0187,406.4, Car,210.25,14.725631
489,490,37.978417,23.735524,18.8027,-0.1446,-0.043,408.4, Car,354.72,17.303482
490,491,37.977625,23.737405,19.538,0.0372,0.5978,408.6, Car,102.38,23.327531
491,492,37.978397,23.735524,17.9788,-0.0389,-0.0448,408.8, Motorcycle,320.49,20.17083
492,493,37.977627,23.737401,9.2309,0.0711,0.0658,410.8, Car,103.8,21.231672
493,494,37.97841,23.735522,17.9127,0.0078,0.0119,411.4, Car,349.46,18.889596
494,495,37.97839,23.735531,42.8372,0.1094,-0.2276,412.0, Motorcycle,346.77,21.824571
495,496,37.978411,23.735522,17.3143,0.0032,-0.1819,413.4, Taxi,348.42,20.362389
496,497,37.980037,23.736894,25.5108,0.1643,0.1087,415.0, Car,403.41,13.348139
497,498,37.978408,23.73553,15.278,-0.0349,-0.0854,415.2, Taxi,347.41,20.91436
498,499,37.978365,23.73782,4.5376,-0.2323,0.3978,415.8, Motorcycle,180.08,12.515067
499,500,37.978414,23.735519,16.3874,0.1357,-0.003,417.8, Car,352.38,19.337693
500,501,37.97842,23.735506,20.311,0.0935,0.0592,419.6, Motorcycle,355.19,23.679402
501,502,37.978405,23.735526,16.2238,0.0255,0.0517,419.8, Medium Vehicle,348.15,20.479386
502,503,37.978425,23.735514,22.1796,0.1184,0.0355,421.0, Motorcycle,352.06,27.673199
503,504,37.978404,23.735528,13.6765,0.0128,0.0623,421.8, Motorcycle,355.96,13.129651
504,505,37.978402,23.735528,12.0713,0.0354,-0.0094,424.0, Medium Vehicle,354.57,12.514108
505,506,37.97845,23.735571,18.4686,0.0353,-0.1181,426.4, Motorcycle,259.87,23.744591
506,507,37.978414,23.735509,10.6723,-0.0238,-0.0206,427.0, Car,267.65,12.745447
507,508,37.978396,23.735526,8.9542,0.0077,-0.1035,427.6, Car,347.69,13.93874
508,509,37.978418,23.735517,7.9188,0.009,0.0036,430.2, Car,353.11,14.031007
509,510,37.978407,23.735545,10.6655,-0.1699,0.0134,430.6, Motorcycle,272.98,13.880205
510,511,37.980642,23.735121,28.1647,0.0185,0.1069,430.8, Motorcycle,451.41,24.254944
511,512,37.98059,23.735058,35.9931,0.0726,0.0399,431.6, Taxi,283.99,11.644441
512,513,37.980637,23.735112,30.7971,0.0686,0.0251,432.6, Car,50.83,21.27643
513,514,37.980613,23.735094,36.5049,0.1208,-0.0467,433.0, Car,237.13,36.172099
514,515,37.980606,23.735072,58.8574,-0.1457,-0.3949,433.2, Motorcycle,449.98,50.941071
515,516,37.980598,23.73504,25.5708,0.0533,0.0252,433.6, Car,236.18,22.733535
516,517,37.980526,23.734939,28.4883,0.0356,-0.0253,434.8, Heavy Vehicle,105.2,11.476375
517,518,37.980599,23.735071,32.9366,0.0955,-0.002,436.0, Car,228.28,18.343991
518,519,37.978401,23.735524,18.5869,0.0175,-0.0809,436.4, Taxi,324.47,13.67771
519,520,37.980592,23.735039,19.5485,0.0464,-0.0012,436.4, Taxi,480.97,17.177535
520,521,37.97762,23.737443,10.995,-0.1698,0.252,436.6, Motorcycle,75.2,26.540541
521,522,37.980621,23.735082,37.1577,0.0167,-0.1176,437.6, Motorcycle,480.1,37.410754
522,523,37.980584,23.735039,32.7845,-0.022,-0.303,438.4, Motorcycle,153.81,22.148201
523,524,37.980613,23.73507,33.381,-0.1814,-0.0205,438.8, Taxi,402.36,14.963616
524,525,37.980621,23.735095,53.6685,0.035,0.0748,439.4, Motorcycle,482.25,41.139731
525,526,37.980585,23.735018,18.8678,-0.0119,-0.0361,439.4, Bus,105.16,19.120586
526,527,37.98064,23.735116,39.488,0.0196,0.083,440.2, Car,480.45,36.184693
527,528,37.980609,23.7351,46.3387,-0.0495,0.0314,440.6, Taxi,454.66,20.771434
528,529,37.980603,23.735098,41.5212,-0.0194,-0.1518,442.2, Motorcycle,449.94,38.202713
529,530,37.980609,23.735061,21.0449,0.0172,0.004,442.2, Bus,480.58,12.815457
530,531,37.977625,23.737429,11.5074,-0.0912,0.6697,442.2, Car,79.19,19.797065
531,532,37.980616,23.735104,41.6445,0.0019,0.0004,443.4, Car,448.32,25.456522
532,533,37.977638,23.7374,11.1471,-0.0992,0.8174,443.6, Car,81.76,19.364483
533,534,37.97867,23.736077,12.2391,0.0224,0.0075,444.0, Motorcycle,293.18,14.03532
534,535,37.978407,23.737894,14.489,-0.0374,0.0737,444.2, Car,174.3,10.81889
535,536,37.980632,23.735125,35.9666,0.031,-0.0772,444.2, Car,49.77,27.997382
536,537,37.98,23.736826,2.2151,-0.1031,-0.0031,444.2, Taxi,191.59,7.891639
537,538,37.978412,23.735534,34.9729,0.0296,-0.0157,444.4, Taxi,209.47,13.661284
538,539,37.980622,23.73509,40.5119,-0.007,-0.0089,444.6, Taxi,478.35,43.267447
539,540,37.980622,23.735093,39.8039,-0.0003,-0.0583,446.0, Car,480.08,42.360287
540,541,37.980633,23.735126,34.9448,-0.4224,-0.0411,446.8, Taxi,381.53,13.106053
541,542,37.980608,23.735072,34.4041,-0.012,0.0345,446.8, Taxi,461.85,42.414913
542,543,37.98002,23.736861,14.9073,-0.3489,-0.0036,447.2, Car,195.15,7.474018
543,544,37.980629,23.735105,42.9956,-0.648,0.054,447.4, Motorcycle,485.39,43.252482
544,545,37.978415,23.735533,32.2369,0.014,0.0506,447.8, Car,263.98,16.052587
545,546,37.980624,23.73509,33.8805,0.0143,0.0286,448.0, Car,479.89,41.330339
546,547,37.980641,23.735112,36.895,0.0514,0.0557,449.4, Taxi,487.43,22.044473
547,548,37.978405,23.735537,25.5823,0.0085,0.0939,449.6, Car,164.42,11.791406
548,549,37.980614,23.735085,31.8747,0.0014,-0.0478,449.8, Car,479.69,21.008522
549,550,37.98059,23.73505,34.3374,0.0422,-0.0239,450.2, Taxi,479.56,24.044808
550,551,37.980024,23.736874,12.5526,-0.0523,-0.0271,451.0, Car,196.89,7.588916
551,552,37.980026,23.736873,24.0351,-0.006,0.0922,455.6, Car,197.2,7.766998
552,553,37.979494,23.736121,8.2345,-0.4027,-0.1103,457.0, Motorcycle,183.6,7.527939
553,554,37.980031,23.736885,23.7801,-0.0121,-0.0384,458.6, Taxi,198.44,7.867491
554,555,37.978409,23.735528,21.6892,0.0085,-0.0565,466.6, Car,266.16,12.347408
555,556,37.980252,23.735487,6.8901,0.0298,-0.1743,477.0, Motorcycle,61.56,13.03689
556,557,37.979511,23.736115,4.0769,-0.011,-0.1476,477.8, Motorcycle,99.14,10.315424
557,558,37.980605,23.735057,36.3257,0.101,-0.0074,478.0, Taxi,480.54,36.651065
558,559,37.97841,23.735533,34.2983,0.0059,0.0728,478.0, Car,207.71,2.194156
559,560,37.980626,23.735079,23.4536,0.0591,0.0782,479.0, Car,481.55,31.405439
560,561,37.980633,23.735117,22.2606,0.0462,-0.1155,479.0, Car,486.42,28.706476
561,562,37.980597,23.735025,30.0659,0.0213,0.0625,479.4, Taxi,476.61,34.592451
562,563,37.978412,23.735542,47.0774,0.0541,0.1332,479.6, Motorcycle,352.14,15.926021
563,564,37.977607,23.737362,25.7667,0.7785,0.1846,480.0, Motorcycle,37.55,16.898717
564,565,37.977587,23.73736,13.5371,0.1154,0.3964,480.0, Car,105.72,25.039229
565,566,37.980646,23.735106,19.2934,0.0353,-0.0734,481.2, Car,360.22,17.66759
566,567,37.980604,23.735055,33.6477,-0.0046,0.2375,481.6, Heavy Vehicle,169.23,1.806677
567,568,37.978399,23.735525,39.2793,-0.0358,0.0989,481.6, Motorcycle,356.54,15.925032
568,569,37.980628,23.735084,19.2257,0.0252,0.0826,482.0, Bus,482.91,21.785601
569,570,37.97842,23.735531,40.2583,-0.0177,-0.1308,482.2, Motorcycle,350.65,15.77912
570,571,37.978403,23.735523,40.7195,-0.0472,0.2786,482.6, Motorcycle,333.41,15.628591
571,572,37.980652,23.735113,19.5781,0.0498,0.0468,482.6, Motorcycle,489.77,18.99957
572,573,37.977466,23.737557,2.2385,-0.0975,-0.1014,482.8, Motorcycle,42.23,13.574866
573,574,37.980603,23.735059,33.6912,0.0132,-0.028,483.8, Taxi,480.49,38.10085
574,575,37.980597,23.73502,38.6755,0.0153,0.0132,484.2, Motorcycle,481.03,35.92758
575,576,37.978408,23.735525,34.8684,0.004,-0.1672,485.0, Car,355.03,14.896251
576,577,37.980607,23.735059,34.916,0.0316,0.0052,485.2, Car,482.96,35.195143
577,578,37.980596,23.735018,32.111,0.0081,-0.0471,485.6, Car,238.39,16.377774
578,579,37.980629,23.735083,14.5578,0.0409,0.0431,485.8, Car,481.4,21.882001
579,580,37.980599,23.735031,33.301,0.0206,-0.0307,486.4, Motorcycle,236.5,21.074682
580,581,37.980647,23.735112,22.3584,0.0076,-0.0893,486.4, Car,489.24,19.397315
581,582,37.980603,23.735056,33.1443,0.041,0.1241,487.4, Car,236.26,20.251208
582,583,37.980645,23.735108,20.5301,0.0057,-0.006,487.6, Car,385.67,13.24827
583,584,37.978402,23.735529,24.9969,-0.0429,-0.0142,487.6, Motorcycle,352.72,15.87224
584,585,37.980632,23.735077,13.5932,-0.0012,-0.0056,487.8, Taxi,481.84,18.651759
585,586,37.980598,23.735024,33.0977,0.0421,-0.0218,488.2, Taxi,335.99,8.494007
586,587,37.980612,23.735056,33.2455,0.0,0.0272,488.8, Car,481.3,34.653336
587,588,37.978412,23.73553,25.4734,0.0071,-0.1001,489.0, Taxi,347.73,15.009768
588,589,37.980603,23.735056,32.6964,0.0005,0.0138,490.6, Car,236.86,13.709184
589,590,37.978418,23.735541,25.8609,-0.0124,-0.16,491.6, Car,263.94,14.663518
590,591,37.980644,23.735112,37.971,0.049,0.0678,492.0, Car,53.73,23.028033
591,592,37.980633,23.735083,28.562,0.0117,0.1349,493.0, Car,483.29,19.374484
592,593,37.978413,23.735526,27.6872,0.0673,-0.1431,494.8, Car,350.15,15.485697
593,594,37.977606,23.737384,8.3248,-0.0288,-0.2978,495.0, Car,70.15,19.730943
594,595,37.980632,23.735078,27.9581,0.0248,-0.013,495.4, Car,484.16,19.409573
595,596,37.980059,23.736936,10.284,0.0134,-0.0031,496.2, Car,204.61,9.516698
596,597,37.978411,23.735531,23.7729,0.0097,0.1597,496.6, Taxi,346.74,17.19381
597,598,37.978471,23.738034,27.229,0.1585,-0.0722,497.2, Taxi,203.66,11.279798
598,599,37.97841,23.735529,22.3343,0.0337,-0.0328,499.4, Car,349.56,16.092279
599,600,37.980041,23.736899,8.9851,0.2064,-0.0293,500.0, Motorcycle,200.15,9.531054
600,601,37.978415,23.735532,18.7288,0.0048,-0.0277,502.2, Taxi,265.07,10.843793
601,602,37.978384,23.737858,16.5143,-1.1469,-0.0682,504.0, Car,204.5,11.396316
602,603,37.97841,23.735529,19.2482,0.0539,-0.0091,504.4, Taxi,352.0,19.79992
603,604,37.978407,23.735523,16.2868,-0.117,0.0849,506.8, Car,346.94,12.196989
604,605,37.978413,23.735539,19.7547,0.062,-0.026,509.2, Car,345.36,11.663273
605,606,37.978409,23.735526,18.1584,0.0426,0.0056,512.0, Taxi,354.62,19.168692
606,607,37.978421,23.735518,20.8957,-0.0655,-0.0712,514.4, Motorcycle,285.87,11.460115
607,608,37.97841,23.735531,17.1551,0.0825,0.0453,515.2, Car,358.53,23.81359
608,609,37.978413,23.735536,18.0745,0.0589,-0.0198,519.6, Taxi,346.04,13.570043
609,610,37.980597,23.735034,42.1033,0.1077,-0.0327,520.8, Motorcycle,481.49,33.987389
610,611,37.980532,23.734913,29.885,0.1401,-0.0469,521.0, Motorcycle,416.98,5.040766
611,612,37.980642,23.73509,30.7251,0.0181,-0.0037,521.6, Motorcycle,154.26,18.511461
612,613,37.980653,23.735111,28.4896,0.0194,-0.0054,522.0, Taxi,384.68,19.23387
613,614,37.980628,23.735083,24.6668,0.0169,-0.0562,523.0, Car,481.28,30.720313
614,615,37.980599,23.735038,39.3711,0.035,-0.0956,523.0, Motorcycle,479.87,35.256097
615,616,37.980617,23.735051,29.7656,0.0081,-0.034,523.2, Taxi,482.31,30.040207
616,617,37.980586,23.735018,33.3402,0.341,0.0052,523.2, Motorcycle,235.05,24.59856
617,618,37.980627,23.735071,28.4585,0.4699,-0.0028,525.4, Motorcycle,311.65,3.82395
618,619,37.98065,23.735109,29.1311,0.2017,0.0199,525.4, Car,384.39,19.435373
619,620,37.980645,23.735083,27.2709,0.048,-0.0193,525.8, Motorcycle,54.82,20.13714
620,621,37.980601,23.735025,33.8196,0.2291,-0.0292,526.0, Heavy Vehicle,107.84,21.098743
621,622,37.980622,23.73505,33.339,0.2026,-0.0097,527.2, Car,483.69,30.87371
622,623,37.980638,23.73508,33.4607,0.3509,-0.0012,527.8, Car,483.54,29.504281
623,624,37.980035,23.736899,14.6109,-0.5418,-0.1692,528.0, Car,427.95,17.232971
624,625,37.97841,23.735528,41.478,0.9253,0.0139,528.8, Motorcycle,354.45,14.734642
625,626,37.979049,23.735097,0.0098,0.0142,-0.0,530.6, Car,14.89,4.467598
626,627,37.980632,23.735079,35.4758,0.1162,-0.0071,531.4, Medium Vehicle,480.79,21.159612
627,628,37.980611,23.735056,35.7841,0.2807,-0.0187,531.6, Taxi,384.84,20.314339
628,629,37.980495,23.735196,36.6698,0.0334,-0.0652,535.4, Car,451.18,20.77047
629,630,37.980522,23.735216,40.4401,-0.0343,-0.0511,535.4, Car,470.8,21.72913
630,631,37.980473,23.735169,38.0549,0.1096,-0.0273,535.8, Taxi,437.73,36.143167
631,632,37.980513,23.735199,41.5462,-0.0119,0.1184,536.4, Motorcycle,396.99,21.588401
632,633,37.977625,23.737408,3.1868,0.3039,0.0,536.6, Car,28.46,7.215425
633,634,37.980527,23.73518,35.8659,-0.2317,-0.002,539.6, Car,467.14,20.761711
634,635,37.977652,23.737387,13.1822,-0.2441,0.3135,539.8, Motorcycle,32.36,17.648292
635,636,37.980499,23.735124,52.4332,0.2614,0.0233,540.0, Motorcycle,222.29,16.534318
636,637,37.980537,23.7352,33.4379,0.6601,-0.0372,540.0, Taxi,400.77,18.034828
637,638,37.980493,23.735111,26.5479,0.357,-0.0189,541.4, Motorcycle,468.07,19.36837
638,639,37.980092,23.736995,17.5407,0.0068,0.0119,543.6, Car,39.08,12.790166
639,640,37.980167,23.73531,3.8335,-0.1961,0.0299,545.4, Motorcycle,279.29,11.583647
640,641,37.977625,23.737403,3.0577,0.1668,0.0,549.4, Car,29.55,3.545661
641,642,37.978405,23.735523,31.5671,-0.0719,0.0295,552.8, Car,211.54,19.134681
642,643,37.980046,23.736912,17.2262,1.4344,-0.3415,552.8, Motorcycle,201.09,28.500928
643,644,37.978545,23.735838,3.4385,-0.4867,0.0294,559.0, Car,185.58,18.766012
644,645,37.978084,23.737902,18.8678,-0.0188,0.165,561.2, Motorcycle,191.45,23.603391
645,646,37.980063,23.73696,18.1338,0.0841,-0.0308,565.2, Car,206.44,12.857889
646,647,37.979938,23.736617,1.5659,0.0246,-0.0359,567.8, Car,183.12,11.524733
647,648,37.98052,23.735172,24.1615,-0.1036,0.026,569.2, Medium Vehicle,467.06,31.137498
648,649,37.980506,23.735146,25.6315,-0.0456,-0.0457,569.6, Bus,467.45,34.48371
649,650,37.980545,23.735182,22.6874,0.0474,0.0088,570.0, Car,469.86,30.204979
650,651,37.980626,23.735081,28.6975,-0.0047,0.0527,570.2, Car,482.97,31.844019
651,652,37.980605,23.735072,31.6467,0.0809,-0.0311,570.4, Motorcycle,459.86,39.795297
652,653,37.98059,23.735025,31.9231,0.0428,-0.0117,570.6, Taxi,139.13,28.784549
653,654,37.980601,23.735051,31.8716,0.0214,0.0112,571.0, Motorcycle,461.27,48.554987
654,655,37.980601,23.735048,30.5807,-0.0014,-0.0262,571.8, Motorcycle,455.6,34.749168
655,656,37.980597,23.735019,30.7673,0.0318,-0.0545,572.2, Taxi,237.61,25.158997
656,657,37.978438,23.737964,31.9629,-0.0182,-0.0181,572.6, Motorcycle,190.23,33.570484
657,658,37.980603,23.735043,29.5078,0.0398,-0.2313,572.8, Motorcycle,227.64,26.435103
658,659,37.980635,23.735115,40.0656,0.2454,-0.0055,572.8, Taxi,489.42,21.382602
659,660,37.980615,23.735085,54.199,-0.0033,0.4144,575.0, Motorcycle,476.75,47.150816
660,661,37.978407,23.735523,29.5151,0.0128,-0.0348,575.2, Medium Vehicle,256.59,8.474544
661,662,37.977611,23.737435,14.8153,-0.1133,0.4453,575.2, Car,62.54,26.804934
662,663,37.980583,23.735036,38.4552,0.0459,0.0641,575.6, Taxi,455.1,21.222481
663,664,37.980643,23.735121,34.4725,0.1299,-0.1027,576.2, Motorcycle,50.99,24.155331
664,665,37.980604,23.735098,52.3363,-0.001,0.1023,576.4, Taxi,486.9,36.215631
665,666,37.98064,23.735109,34.9301,0.0117,0.0487,577.4, Taxi,490.66,21.593768
666,667,37.977931,23.737392,5.7642,0.0291,0.1554,577.6, Motorcycle,134.13,6.781782
667,668,37.978414,23.735533,29.0604,-0.0105,0.0643,578.6, Taxi,210.62,12.939127
668,669,37.98061,23.735096,50.1421,0.0608,0.1515,579.0, Motorcycle,473.24,35.054537
669,670,37.980637,23.735108,40.5072,0.025,0.0307,579.0, Motorcycle,50.99,30.591712
670,671,37.977631,23.737446,12.2167,-0.0653,0.3592,579.4, Car,24.4,16.268797
671,672,37.980597,23.73507,37.1816,0.0191,0.0537,580.8, Heavy Vehicle,185.56,8.107081
672,673,37.978406,23.735539,24.6705,0.0104,-0.0676,581.0, Taxi,279.28,13.925283
673,674,37.980638,23.735122,42.0763,-0.2616,-0.3067,581.4, Car,50.29,26.623218
674,675,37.98063,23.735112,37.7006,0.1294,-0.0683,582.4, Car,454.57,25.254127
675,676,37.978411,23.735532,24.3188,0.0314,-0.1173,582.4, Car,265.04,12.824607
676,677,37.980611,23.735067,36.5165,0.0194,-0.0442,582.6, Taxi,481.6,20.493648
677,678,37.978406,23.735539,24.737,0.0073,-0.3009,583.8, Motorcycle,351.43,18.60531
678,679,37.980628,23.735118,40.2475,0.0084,0.2008,584.2, Car,489.24,25.451619
679,680,37.978398,23.735528,26.3497,0.0386,0.0089,584.6, Motorcycle,279.78,16.298065
680,681,37.97842,23.735522,25.0672,0.1543,0.0117,585.0, Car,265.53,12.577618
681,682,37.980635,23.735113,33.4246,0.032,0.1346,585.2, Taxi,50.98,5.243394
682,683,37.980617,23.735085,41.5823,0.1326,0.0254,586.0, Taxi,479.69,22.139685
683,684,37.980038,23.736896,13.981,0.0259,-0.0772,586.2, Car,200.35,16.931369
684,685,37.980639,23.735111,30.0917,0.0334,-0.3017,586.4, Car,482.76,21.350346
685,686,37.978398,23.735528,22.9968,0.0086,0.0003,587.0, Taxi,280.69,9.236702
686,687,37.978415,23.735515,19.9783,1.058,-0.2947,588.6, Car,346.76,17.532966
687,688,37.978401,23.735534,21.3591,-0.171,-0.116,590.8, Taxi,349.92,17.303788
688,689,37.978418,23.735516,18.3336,-1.0234,-0.1415,591.8, Car,264.49,10.969556
689,690,37.978405,23.735535,18.6555,0.0108,0.0087,592.4, Motorcycle,350.13,19.944178
690,691,37.978406,23.735529,16.5782,0.0033,0.0914,594.2, Taxi,350.1,17.701737
691,692,37.978404,23.735527,15.7578,0.024,-0.0136,596.4, Car,349.97,11.998995
692,693,37.978399,23.735528,15.3546,-0.1677,-0.0613,598.4, Car,321.02,12.139441
693,694,37.97842,23.735515,22.7515,0.36,-0.0005,599.0, Motorcycle,347.5,23.426738
694,695,37.978401,23.735526,14.0808,0.0107,-0.0197,601.0, Taxi,359.37,12.75872
695,696,37.978414,23.735515,29.3885,-4.1368,-0.5857,601.2, Motorcycle,266.13,23.030164
696,697,37.97841,23.735545,13.6895,0.0288,0.0396,603.8, Taxi,317.0,11.88764
697,698,37.978399,23.735526,14.0324,-0.0002,-0.0055,605.6, Taxi,348.65,12.939651
698,699,37.980025,23.736873,16.3538,-0.0058,-0.0808,607.4, Car,24.1,14.457705
699,700,37.978399,23.735531,15.1991,0.0211,-0.0308,608.4, Taxi,322.18,12.338888
700,701,37.978724,23.73675,5.3605,-0.1077,-0.0842,609.6, Motorcycle,213.43,13.919056
701,702,37.980629,23.735119,36.2395,0.0239,-0.0018,610.4, Motorcycle,101.19,24.284755
702,703,37.98062,23.735098,37.0006,0.1357,0.0001,612.6, Car,479.77,38.04378
703,704,37.980605,23.735064,24.7653,-0.0233,0.004,614.2, Car,234.95,30.207648
704,705,37.980581,23.735037,37.7412,-0.0415,-0.0177,614.6, Car,235.63,33.135854
705,706,37.980629,23.735086,30.9438,0.0753,0.0102,615.2, Car,480.48,30.888235
706,707,37.980638,23.735104,35.8275,0.1244,-0.0741,615.8, Motorcycle,480.57,37.939771
707,708,37.9806,23.735067,25.4266,-0.0182,-0.0506,616.2, Bus,478.35,34.032734
708,709,37.980614,23.735085,23.4957,0.0551,0.0468,616.4, Motorcycle,454.52,43.518206
709,710,37.980639,23.735103,36.6369,0.1401,0.0512,616.6, Motorcycle,489.09,34.796976
710,711,37.978423,23.735538,22.1324,0.1661,0.0139,617.0, Heavy Vehicle,212.48,13.466827
711,712,37.98059,23.735029,37.9161,-0.009,-0.0564,617.0, Taxi,237.48,28.497696
712,713,37.980624,23.735093,21.9284,0.0769,0.0054,617.4, Car,481.9,22.530311
713,714,37.980635,23.735107,37.0193,0.1186,-0.0438,617.6, Motorcycle,460.95,44.133374
714,715,37.980052,23.73693,13.7868,-0.4057,-0.0812,617.6, Car,203.57,12.548673
715,716,37.980623,23.735133,39.0244,0.3604,0.0229,618.6, Motorcycle,46.78,26.311435
716,717,37.980594,23.735048,31.1557,0.0582,-0.0197,619.8, Car,454.6,33.813376
717,718,37.980617,23.735102,26.4534,0.0984,-0.1172,620.0, Motorcycle,411.86,36.340967
718,719,37.98063,23.735121,30.0969,0.041,-0.1385,620.0, Car,477.14,34.771653
719,720,37.978424,23.735538,21.449,0.0238,-0.0019,620.0, Car,438.7,14.787806
720,721,37.980586,23.735081,38.4046,0.055,-0.1024,621.6, Motorcycle,448.68,42.730978
721,722,37.980611,23.735097,20.0299,0.0166,-0.0329,622.0, Taxi,479.8,20.710628
722,723,37.980573,23.735055,29.2471,0.0494,0.0137,622.4, Taxi,52.86,4.28578
723,724,37.98004,23.736902,22.4435,0.0208,-0.1912,622.8, Taxi,200.4,13.21305
724,725,37.980582,23.735051,33.0755,0.0083,0.0455,625.2, Taxi,234.84,27.628697
725,726,37.980605,23.735069,44.7054,0.0331,-0.0396,625.2, Car,234.88,33.28978
726,727,37.978462,23.738016,16.4272,-0.1593,-0.3917,625.2, Taxi,201.7,13.804876
727,728,37.98007,23.736993,9.7229,-0.17,-0.6068,625.2, Car,37.83,2.960491
728,729,37.980605,23.735107,26.3201,-0.0305,-0.0687,625.2, Car,479.44,21.203867
729,730,37.980599,23.735091,50.7491,0.1105,-0.0403,626.2, Motorcycle,485.23,40.249191
730,731,37.980573,23.735048,34.5456,0.0814,0.0054,627.0, Car,449.0,21.157206
731,732,37.9806,23.735072,42.628,0.0579,0.0904,627.0, Car,450.58,38.620751
732,733,37.98061,23.735138,39.561,-0.0068,-0.0044,627.6, Motorcycle,412.9,21.114271
733,734,37.980604,23.7351,44.7041,0.0857,0.0043,628.0, Car,451.06,21.088488
734,735,37.980597,23.735069,47.6274,0.0884,-0.0473,629.0, Car,385.82,7.318013
735,736,37.980628,23.735116,42.2995,-0.0315,-0.0481,629.2, Taxi,488.55,22.548558
736,737,37.980614,23.735088,48.2417,0.0313,-0.0098,629.8, Car,449.51,14.071496
737,738,37.98062,23.735149,21.4902,0.0302,-0.0443,630.6, Motorcycle,92.12,7.209444
738,739,37.977622,23.7374,6.7655,-0.3998,0.1881,630.6, Medium Vehicle,91.1,14.259689
739,740,37.980577,23.735021,22.857,0.0448,-0.2401,632.0, Motorcycle,489.15,14.625801
740,741,37.97842,23.735544,34.1786,0.0526,0.1392,634.4, Car,450.6,16.827318
741,742,37.978408,23.735532,31.6425,0.0345,0.0685,636.4, Car,214.39,16.079006
742,743,37.97762,23.737429,14.6016,-4.9458,0.9521,639.0, Taxi,73.89,26.078223
743,744,37.977626,23.737421,0.0,0.0,0.0,642.6, Car,99.89,9.933982
744,745,37.978409,23.735528,20.6335,-0.003,0.0834,644.0, Heavy Vehicle,358.48,11.420551
745,746,37.980077,23.736972,17.3502,0.1307,-0.0215,649.4, Taxi,286.99,9.06299
746,747,37.977643,23.737404,6.0972,0.163,0.0,656.0, Motorcycle,34.42,8.979222
747,748,37.980599,23.735058,29.8669,0.046,-0.0408,656.0, Motorcycle,233.9,27.517151
748,749,37.980618,23.735125,34.451,0.0995,-0.0786,656.2, Car,488.3,31.730687
749,750,37.980591,23.735076,30.9504,0.0728,0.0492,657.2, Taxi,233.68,23.630546
750,751,37.980585,23.73504,27.2927,0.0234,-0.0042,657.4, Taxi,235.37,25.833162
751,752,37.980609,23.735094,37.4985,0.1256,0.0507,658.2, Motorcycle,481.87,38.378908
752,753,37.980602,23.73505,41.9973,0.089,0.0027,660.6, Motorcycle,480.25,42.16853
753,754,37.978402,23.735525,47.4811,0.0386,-0.1563,661.0, Motorcycle,362.18,15.862091
754,755,37.980615,23.735089,28.1985,0.0694,0.103,661.0, Medium Vehicle,481.45,34.944092
755,756,37.980586,23.735041,28.0117,0.0046,-0.0913,662.6, Car,102.85,22.856662
756,757,37.980627,23.735124,30.1943,0.0796,0.0095,662.8, Taxi,480.83,32.78382
757,758,37.978412,23.73551,40.5341,1.6936,-0.7571,663.0, Taxi,267.46,15.235178
758,759,37.977668,23.737388,20.7604,0.0898,0.4576,663.2, Motorcycle,34.4,12.383798
759,760,37.980587,23.735056,28.0569,0.0346,-0.0186,664.0, Taxi,234.59,27.06765
760,761,37.980625,23.735128,27.986,0.0712,0.0479,665.0, Taxi,51.45,16.245932
761,762,37.980591,23.73505,28.3942,0.0232,0.0328,665.6, Taxi,234.77,25.457262
762,763,37.980617,23.735109,37.7462,0.1345,-0.116,666.0, Car,480.12,36.93198
763,764,37.978409,23.73552,32.7171,0.0627,0.0217,666.0, Medium Vehicle,267.19,15.316538
764,765,37.980594,23.73507,29.7515,0.0196,-0.0667,667.2, Taxi,460.93,38.770136
765,766,37.978417,23.735517,28.8583,-0.0175,-0.0079,667.4, Car,355.95,15.291465
766,767,37.980611,23.735094,27.7577,0.0539,-0.0329,668.0, Car,478.56,22.201037
767,768,37.978407,23.735535,23.4908,0.0016,-0.02,668.4, Car,349.27,14.723394
768,769,37.980629,23.735128,28.3195,0.0531,-0.0883,668.4, Car,50.57,18.962027
769,770,37.980598,23.735065,37.1154,0.0453,0.0702,669.6, Bus,482.18,36.77665
770,771,37.978409,23.735546,19.6346,0.18,-0.0421,669.6, Motorcycle,344.44,16.893541
771,772,37.978416,23.73552,25.8195,0.0785,0.0459,670.4, Car,350.31,15.157687
772,773,37.980631,23.735128,26.7642,-0.0754,-0.1767,671.0, Car,52.6,18.936616
773,774,37.980611,23.735099,27.1483,0.0424,-0.1058,671.2, Taxi,462.8,21.305461
774,775,37.979992,23.736811,15.7032,0.2703,0.0193,671.4, Motorcycle,18.22,2.359903
775,776,37.978402,23.735524,18.0761,0.0087,-0.0564,671.8, Car,348.11,15.062348
776,777,37.978425,23.735526,23.2555,-0.1397,0.0473,671.8, Motorcycle,346.76,17.833336
777,778,37.978422,23.735532,19.6509,-0.0387,-0.0054,673.0, Motorcycle,345.28,18.333488
778,779,37.980602,23.735066,37.6621,0.0211,0.0094,673.2, Car,459.71,22.304005
779,780,37.978403,23.735529,15.6805,-0.0345,-0.0856,674.0, Car,361.31,15.124804
780,781,37.980627,23.735111,36.0172,-0.0124,0.0814,674.6, Car,461.33,21.852384
781,782,37.980584,23.735056,36.1344,-0.0849,-0.1007,675.0, Motorcycle,455.26,23.41354
782,783,37.98061,23.735096,37.4859,0.1449,-0.1,675.6, Car,479.25,21.091638
783,784,37.978404,23.737894,34.4567,0.0393,0.0158,676.2, Car,181.37,10.298572
784,785,37.978409,23.735531,21.7053,0.0281,0.0567,677.6, Car,351.08,18.864121
785,786,37.978426,23.735535,17.6845,-0.0072,-0.0053,678.2, Motorcycle,214.73,17.026924
786,787,37.979316,23.737128,6.4503,-0.0507,-0.4276,678.6, Car,41.6,3.941131
787,788,37.978409,23.735535,20.636,0.0235,-0.0425,680.0, Car,349.69,11.120926
788,789,37.977999,23.737969,29.0111,0.1003,0.0915,681.2, Motorcycle,34.52,0.903269
789,790,37.97842,23.73553,19.5367,-0.0006,-0.0402,682.4, Car,243.15,18.864762
790,791,37.978408,23.735528,22.0707,0.0112,-0.0981,684.6, Medium Vehicle,360.65,10.892201
791,792,37.979996,23.736821,27.9251,0.0153,0.0028,684.8, Car,191.4,22.226963
792,793,37.98053,23.734935,34.5389,0.1509,-0.0732,686.2, Taxi,98.66,9.86637
793,794,37.978376,23.737844,15.9612,0.1136,0.013,698.6, Taxi,181.09,14.749405
794,795,37.980588,23.735061,43.9304,0.1222,-0.0424,701.6, Motorcycle,449.93,38.565616
795,796,37.980618,23.735094,37.5171,0.0544,-0.0644,702.8, Car,481.61,30.417412
796,797,37.980572,23.735049,33.3029,0.0145,0.0458,704.2, Motorcycle,230.88,29.89811
797,798,37.978367,23.737825,13.7114,0.0763,-0.0506,704.6, Medium Vehicle,59.91,11.351623
798,799,37.980516,23.735135,20.9845,-0.0451,-0.1151,706.0, Car,457.56,35.809068
799,800,37.980593,23.735158,29.9309,0.0999,-0.0451,706.0, Car,471.96,31.580967
800,801,37.980563,23.735141,31.5848,-0.0837,0.0263,706.0, Car,473.4,30.873697
801,802,37.977641,23.737454,11.3865,-0.4199,0.4321,707.2, Motorcycle,101.87,10.722929
802,803,37.977607,23.737443,13.6974,-0.4177,0.2572,707.6, Motorcycle,97.26,10.119253
803,804,37.980499,23.735139,56.3377,0.2394,-0.0879,709.0, Motorcycle,440.49,43.565146
804,805,37.980549,23.73519,27.7587,0.0091,0.0341,709.0, Car,471.18,29.551186
805,806,37.980521,23.735174,37.0043,-0.031,-0.0134,709.0, Car,466.07,32.020263
806,807,37.980546,23.735082,34.7961,-0.1192,0.0003,709.0, Taxi,227.21,28.801845
807,808,37.980575,23.735164,26.3741,-0.0642,-0.0052,710.0, Taxi,481.65,31.526361
808,809,37.98057,23.735123,38.3165,-0.0979,0.0036,710.6, Car,460.63,37.85986
809,810,37.980499,23.734957,22.6507,0.1934,-0.0024,711.8, Car,60.84,11.407285
810,811,37.980568,23.735178,35.4909,0.1643,0.0135,713.4, Car,468.72,20.478174
811,812,37.98057,23.73513,33.5224,-0.0277,-0.0125,713.4, Car,474.03,33.994447
812,813,37.980563,23.73516,44.107,0.0457,0.0353,713.8, Motorcycle,456.51,42.139462
813,814,37.98057,23.735178,34.9159,0.111,-0.0187,714.8, Car,479.39,20.399511
814,815,37.980584,23.735121,32.5491,-0.0487,0.0248,715.2, Car,483.71,30.766304
815,816,37.9805,23.734952,23.1441,0.1888,0.0102,716.6, Motorcycle,94.59,3.331807
816,817,37.978417,23.737918,15.0969,0.1694,-0.0094,716.8, Car,63.87,17.159066
817,818,37.980581,23.735076,48.5424,0.0041,-0.0126,717.2, Car,468.19,42.1371
818,819,37.980561,23.735179,36.7107,0.0734,0.0133,717.2, Car,478.64,22.148038
819,820,37.98057,23.735129,35.791,0.0733,0.0002,717.2, Taxi,473.67,20.948337
820,821,37.980059,23.736942,2.1625,-0.1772,-0.1341,717.8, Heavy Vehicle,202.45,15.775113
821,822,37.980519,23.7351,48.9895,0.0922,0.0076,719.0, Taxi,454.49,22.599003
822,823,37.978416,23.735529,36.0768,0.0231,0.0412,719.8, Car,219.35,17.547868
823,824,37.980557,23.735186,51.1997,0.3245,-0.0324,719.8, Car,468.84,21.150712
824,825,37.980527,23.735181,26.9029,0.4907,0.0077,721.6, Bus,371.61,13.877621
825,826,37.977623,23.737425,8.0861,-0.2457,0.1514,724.2, Car,27.06,6.765294
826,827,37.980097,23.736998,8.8487,-0.3514,-0.0103,724.2, Car,253.01,9.628397
827,828,37.980015,23.736851,16.1064,0.0225,-0.0292,726.8, Taxi,406.15,23.582695
828,829,37.978419,23.735521,37.149,0.1372,-0.0177,732.8, Car,212.67,17.804702
829,830,37.980059,23.736989,10.109,-0.3192,0.0739,739.2, Car,35.35,12.236411
830,831,37.978413,23.735513,37.4319,0.0363,0.0879,740.8, Car,212.14,11.677222
831,832,37.977626,23.737403,1.0909,0.111,-0.0,743.8, Car,31.34,4.8634
832,833,37.978413,23.735511,27.0429,0.269,-0.0012,744.0, Car,215.37,11.108092
833,834,37.978611,23.73596,1.2382,0.1005,0.0941,744.2, Motorcycle,156.08,13.314917
834,835,37.980631,23.735129,33.5781,-0.0066,-0.042,745.4, Motorcycle,413.99,30.047492
835,836,37.980616,23.735099,41.7484,0.1635,-0.04,745.6, Car,478.77,33.532863
836,837,37.980594,23.735056,38.8378,0.0667,0.045,747.4, Motorcycle,451.34,50.460264
837,838,37.97761,23.737423,6.6181,0.0823,-0.0611,748.2, Motorcycle,100.29,17.357495
838,839,37.980622,23.735131,28.1318,0.0558,-0.0122,749.6, Car,478.12,31.524368
839,840,37.980594,23.735069,22.672,0.0331,0.1128,749.6, Bus,479.07,29.735381
840,841,37.980611,23.735105,19.251,0.03,0.0679,750.2, Taxi,50.68,16.586022
841,842,37.980036,23.736893,17.7871,-0.0376,0.0022,751.6, Car,25.8,14.511369
842,843,37.978412,23.735529,45.1445,0.0968,0.0041,752.0, Motorcycle,213.06,13.84481
843,844,37.980535,23.735195,33.1603,0.9065,0.4035,752.0, Motorcycle,441.61,52.992695
844,845,37.977655,23.737396,7.5683,0.0121,0.0228,752.4, Motorcycle,32.43,11.446843
845,846,37.980489,23.735118,36.3678,-0.2971,0.0683,753.4, Motorcycle,436.8,47.941742
846,847,37.980521,23.735153,32.0024,-0.2125,0.1184,753.6, Motorcycle,468.05,48.69852
847,848,37.978414,23.735528,38.4773,-0.108,-0.0635,754.0, Motorcycle,296.05,16.447418
848,849,37.980514,23.73517,24.1177,-0.1865,-0.0926,755.0, Taxi,465.6,41.903885
849,850,37.980533,23.735204,14.4927,0.0111,-0.032,755.0, Car,415.92,23.468714
850,851,37.978407,23.735527,33.1389,-0.0789,-0.0109,755.4, Taxi,203.99,11.582983
851,852,37.980487,23.735075,12.3277,0.0127,-0.1369,755.8, Bus,13.2,0.754417
852,853,37.980505,23.735143,25.46,-0.0841,-0.0611,756.6, Taxi,441.15,35.930482
853,854,37.980501,23.735192,26.0553,-0.0449,0.0687,757.8, Medium Vehicle,463.88,33.003629
854,855,37.98049,23.735154,27.1059,-0.1384,0.075,758.8, Car,220.33,22.924557
855,856,37.97841,23.735527,27.8912,-0.0385,-0.074,758.8, Car,206.81,12.408563
856,857,37.980485,23.735133,27.3396,-0.0974,-0.0404,759.8, Taxi,221.16,14.268161
857,858,37.978393,23.737881,24.3637,-0.0688,-0.1954,760.2, Car,139.86,9.795572
858,859,37.978409,23.735523,25.9392,-0.08,-0.0161,760.4, Car,193.38,11.920961
859,860,37.980518,23.735187,24.4601,-0.1568,-0.0029,760.4, Taxi,289.36,17.837358
860,861,37.980476,23.735142,30.3992,0.162,0.0136,762.2, Taxi,87.63,25.037087
861,862,37.978418,23.735525,27.2714,0.026,0.0164,762.8, Car,183.03,11.766315
862,863,37.980495,23.735205,28.9661,0.0026,0.026,763.4, Taxi,251.25,16.326631
863,864,37.978408,23.735531,25.3092,0.0281,0.0387,764.0, Taxi,87.57,5.752674
864,865,37.980529,23.735159,29.4413,0.3527,-0.0197,765.4, Taxi,209.44,14.119789
865,866,37.980517,23.735108,29.5035,0.3439,0.0513,765.4, Taxi,150.18,10.124376
866,867,37.978406,23.735541,27.7815,-0.1232,0.0347,766.0, Motorcycle,210.7,14.366158
867,868,37.97842,23.735529,22.1406,0.0821,-0.0211,766.0, Car,196.05,13.366914
868,869,37.980515,23.73518,19.7942,0.2607,0.025,767.4, Car,199.66,13.98389
869,870,37.978408,23.735531,22.7885,-0.0125,-0.0433,768.0, Taxi,80.98,5.738456
870,871,37.978367,23.737823,27.7439,0.205,-0.0255,769.8, Motorcycle,175.22,12.8735
871,872,37.980545,23.735195,23.4465,0.0956,0.0542,770.2, Motorcycle,38.25,4.683202
872,873,37.978406,23.735524,21.6967,0.0095,-0.0185,770.6, Car,75.03,5.604158
873,874,37.978412,23.735521,19.8319,-0.007,0.0306,772.6, Car,192.21,14.977421
874,875,37.979998,23.736822,24.9868,-0.0187,0.0102,773.8, Taxi,271.65,21.731873
875,876,37.980012,23.736846,25.2821,-0.0028,0.0727,775.8, Car,193.08,28.255496
876,877,37.978416,23.735537,16.9263,0.0378,-0.0973,777.0, Car,67.89,5.847
877,878,37.978412,23.735534,15.0115,0.0278,0.0543,779.4, Car,85.09,7.774332
878,879,37.978401,23.735552,16.3428,0.2763,-0.0327,780.4, Motorcycle,89.64,8.403301
879,880,37.978392,23.737872,14.2103,0.3823,-0.0247,782.4, Car,152.01,15.033822
880,881,37.977623,23.737402,4.994,-0.0185,0.2213,788.0, Taxi,64.07,20.968914
881,882,37.978417,23.735531,20.9397,0.0087,-0.1672,789.6, Car,62.43,7.69661
882,883,37.978388,23.737863,10.3346,0.0079,-0.0981,789.6, Medium Vehicle,51.78,6.383882
883,884,37.980015,23.73685,22.4278,-0.0411,0.0109,789.8, Taxi,80.7,10.017732
884,885,37.980592,23.735056,55.0671,0.0893,0.0765,790.8, Motorcycle,319.68,41.101456
885,886,37.980621,23.735092,33.8863,0.0515,-0.2096,791.4, Motorcycle,290.5,38.168162
886,887,37.980633,23.735121,34.0253,0.0975,-0.1226,791.8, Motorcycle,258.99,34.53251
887,888,37.980007,23.736836,21.1202,-0.1756,0.015,792.8, Car,74.17,10.270114
888,889,37.980613,23.735067,31.2761,0.0704,-0.1294,793.0, Medium Vehicle,206.1,28.758536
889,890,37.980597,23.735055,39.1382,0.1437,-0.1539,794.2, Motorcycle,269.75,39.476335
890,891,37.980619,23.7351,22.8032,0.0655,-0.1637,794.6, Car,172.87,25.716179
891,892,37.980024,23.73687,26.326,-0.0772,-0.0136,796.0, Taxi,71.61,11.307018
892,893,37.978415,23.735528,30.2499,0.0798,-0.1392,796.4, Car,56.67,9.106967
893,894,37.980632,23.73512,23.733,0.012,-0.1098,796.4, Car,52.92,19.051912
894,895,37.980626,23.735091,24.1769,0.0499,-0.01,797.0, Heavy Vehicle,152.31,25.152587
895,896,37.980591,23.735043,18.5436,-0.0171,0.1144,797.6, Heavy Vehicle,141.16,23.970741
896,897,37.978408,23.735535,23.9986,0.0216,-0.1319,797.6, Motorcycle,87.53,14.863487
897,898,37.980626,23.735126,20.8149,-0.0337,-0.0816,798.2, Car,171.03,29.889448
898,899,37.980611,23.735058,18.4567,0.0175,-0.0666,800.0, Bus,117.58,22.515684
899,900,37.980582,23.735032,30.7735,0.0059,0.0055,800.8, Motorcycle,131.6,26.320022
900,901,37.980583,23.735043,28.0494,-0.0015,0.0444,801.6, Motorcycle,126.41,26.457188
901,902,37.977624,23.737408,2.2329,0.0024,-0.0513,801.8, Taxi,30.9,8.557196
902,903,37.980635,23.735126,30.1272,0.0074,0.0457,802.0, Motorcycle,132.71,28.437118
903,904,37.98062,23.735098,27.5418,-0.0732,-0.1886,802.6, Car,133.13,29.583725
904,905,37.980632,23.735113,48.0058,-1.2229,-0.1656,802.8, Motorcycle,165.12,37.152372
905,906,37.980624,23.735093,29.6815,0.0277,-0.0294,804.2, Car,118.6,29.24505
906,907,37.97968,23.734992,4.3765,-0.2166,0.0323,805.2, Motorcycle,37.66,9.969678
907,908,37.980594,23.73505,43.0677,0.1105,-0.2883,805.2, Motorcycle,138.0,36.529856
908,909,37.980636,23.735118,33.4446,0.0322,-0.0342,806.0, Car,101.94,28.670845
909,910,37.979982,23.7368,26.0186,-0.0697,-0.0871,806.4, Motorcycle,59.54,19.485427
910,911,37.980604,23.735063,27.4442,-0.009,0.0503,806.8, Car,94.9,28.470766
911,912,37.98002,23.736862,25.7468,-0.0059,0.0766,807.8, Medium Vehicle,61.25,20.045964
912,913,37.980629,23.735084,35.3821,0.0408,-0.218,808.0, Car,103.15,34.382062
913,914,37.980635,23.735125,31.3297,0.0376,0.0646,808.2, Car,85.62,29.078771
914,915,37.977623,23.737406,6.6631,-0.0727,0.2007,808.8, Car,28.45,10.241356
915,916,37.980608,23.735054,31.116,0.022,-0.0672,809.2, Car,81.18,30.441531
916,917,37.980642,23.73511,32.5871,0.0468,0.037,809.6, Car,36.92,14.445338
917,918,37.980629,23.735083,38.216,0.0372,-0.0533,809.6, Car,78.83,30.846243
918,919,37.979327,23.735628,2.9344,0.0011,-0.0237,811.2, Motorcycle,19.5,9.234518
919,920,37.978413,23.735528,22.8316,-0.025,-0.0808,811.6, Car,48.97,24.486209
920,921,37.98002,23.736861,32.3581,-0.0493,-0.105,813.2, Motorcycle,46.68,30.007124
921,922,37.978428,23.735538,24.1909,-0.0077,-0.066,813.4, Car,35.0,23.335533
